"0148","Rotterdam CS"
"0149","Den Haag HS"
"0240","Birkenhead 12 Quay"
"0252","Hawes"
"0253","Penzance Quay"
"0269","St Mary's Quay"
"0274","Aberaeron"
"0275","Aboyne"
"0276","Alston"
"0277","Ballater"
"0279","Charmouth"
"0280","Braemar"
"0281","Brecon"
"0282","Bridport"
"0283","Broadway"
"0284","Cardigan"
"0285","Chard"
"0286","Cirencester"
"0290","Grantown-On-Spey"
"0292","Kelso"
"0295","Lampeter"
"0296","Maerdy"
"0298","Newcastle Emlyn"
"0301","Penywaun"
"0311","Enfield (Co Meath) (CIV)"
"0339","Haworth"
"0340","Hull Bus Station"
"0346","Ottery St Mary"
"0355","Scrabster"
"0356","Seaton Sea Front"
"0357","Shaftesbury T H"
"0360","Southampton Eastern Docks"
"0361","Southampton Western Docks"
"0362","Southsea Hoverport"
"0364","Tetbury"
"0367","Tynewydd"
"0370","Wallsend"
"0375","Energlyn & Churchill Park"
"0387","New Quay (Card)"
"0388","Dover Eastern Docks"
"0451","Manchester (Central Zone)"
"0461","Belfairs"
"0464","Canvey Haystack"
"0465","Canvey Leigh Bek"
"0466","Canvey Link Road"
"0500","Acton Town (Underground)"
"0501","Barbican (Underground)"
"0502","Aldgate (Underground)"
"0503","Aldgate East (Underground)"
"0504","Stratford International (DLR)"
"0505","Alperton (Underground)"
"0506","Amersham"
"0507","Angel (Underground)"
"0508","Archway (Underground)"
"0509","Arnos Grove (Underground)"
"0510","Arsenal (Underground)"
"0511","Baker Street (Underground)"
"0512","Balham (Underground)"
"0513","Bank (Underground)"
"0514","Barking (Underground)"
"0515","Barkingside (Underground)"
"0516","Barons Court (Underground)"
"0517","Bayswater (Underground)"
"0518","Becontree (Underground)"
"0519","Belsize Park (Underground)"
"0520","Bethnal Green (Underground)"
"0521","Blackfriars (Underground)"
"0522","Blackhorse Road (Underground)"
"0524","Bond Street (Underground)"
"0525","Borough (Underground)"
"0526","Boston Manor (Underground)"
"0527","Bounds Green (Underground)"
"0528","Bow Road (Underground)"
"0529","Brent Cross (Underground)"
"0530","Bromley-by-Bow (Underground)"
"0531","Buckhurst Hill (Underground)"
"0532","Burnt Oak (Underground)"
"0533","Bushey (Underground)"
"0534","Caledonian Road (Underground)"
"0535","Camden Town (Underground)"
"0536","Cannon Street (Underground)"
"0537","Canons Park (Underground)"
"0538","Carpenters Park (Underground)"
"0539","Chalfont & Latimer"
"0540","Chalk Farm (Underground)"
"0541","Chancery Lane (Underground)"
"0542","Embankment (Underground)"
"0543","Chesham (Underground)"
"0544","Chigwell (Underground)"
"0545","Chiswick Park (Underground)"
"0546","Chorleywood"
"0547","Clapham Common (Underground)"
"0548","Clapham North (Underground)"
"0549","Clapham South (Underground)"
"0550","Cockfosters (Underground)"
"0551","Colindale (Underground)"
"0552","Colliers Wood (Underground)"
"0553","Covent Garden (Underground)"
"0554","Croxley (Underground)"
"0555","Dagenham East (Underground)"
"0556","Dagenham Heathway (Underground)"
"0557","Debden (Underground)"
"0558","Dollis Hill (Underground)"
"0560","Ealing Broadway (Underground)"
"0561","Ealing Common (Underground)"
"0562","Earls Court (Underground)"
"0563","East Acton (Underground)"
"0564","Eastcote (Underground)"
"0565","East Finchley (Underground)"
"0566","East Ham (Underground)"
"0567","East Putney (Underground)"
"0568","Edgware (Underground)"
"0569","Edgware Rd Circle Line (Underground)"
"0570","Elephant & Castle (Underground)"
"0571","Elm Park (Underground)"
"0572","Epping (Underground)"
"0574","Euston (Underground)"
"0575","Euston Square (Underground)"
"0576","Fairlop (Underground)"
"0577","Farringdon"
"0578","Finchley Central (Underground)"
"0579","Finchley Road (Underground)"
"0580","Finsbury Park (Underground)"
"0581","Fulham Broadway (Underground)"
"0582","Gants Hill (Underground)"
"0583","Gloucester Road (Underground)"
"0584","Golders Green (Underground)"
"0585","Goldhawk Road (Underground)"
"0586","Goodge Street (Underground)"
"0587","Grange Hill (Underground)"
"0588","Great Portland Street (Underground)"
"0590","Green Park (Underground)"
"0592","Hainault (Underground)"
"0593","Hammersmith District (Underground)"
"0594","Hampstead (Underground)"
"0595","Hanger Lane (Underground)"
"0596","Harlesden (Underground)"
"0598","Harrow-on-the-Hill (Underground)"
"0599","Wood Lane (Underground)"
"0600","Kings Cross N Lt"
"0601","Hendon Central (Underground)"
"0602","High Barnet (Underground)"
"0603","Highbury & Islington (Underground)"
"0604","Highgate (Underground)"
"0605","High Street Kensington (Underground)"
"0606","Hillingdon (Underground)"
"0607","Holborn (Underground)"
"0608","Holland Park (Underground)"
"0609","Holloway Road (Underground)"
"0610","Hornchurch (Underground)"
"0611","Hounslow Central (Underground)"
"0612","Hounslow East (Underground)"
"0613","Hounslow West (Underground)"
"0614","Hyde Park Cornner (Underground)"
"0615","Ickenham (Underground)"
"0616","Kennington (Underground)"
"0619","Kentish Town (Underground)"
"0622","Kilburn (Underground)"
"0623","Kilburn Park (Underground)"
"0624","Kingsbury (Underground)"
"0625","Kings Cross (Underground)"
"0626","Knightsbridge (Underground)"
"0627","Ladbroke Grove (Underground)"
"0628","Lambeth North (Underground)"
"0629","Lancaster Gate (Underground)"
"0630","Latimer Road (Underground)"
"0631","Leicester Square (Underground)"
"0632","Leyton (Underground)"
"0633","Leytonstone (Underground)"
"0634","Liverpool St (Underground)"
"0635","London Bridge (Underground)"
"0636","Loughton (Underground)"
"0637","Maida Vale (Underground)"
"0638","Manor House (Underground)"
"0639","Mansion House (Underground)"
"0640","Marble Arch (Underground)"
"0641","Marylebone (Underground)"
"0642","Mile End (Underground)"
"0643","Mill Hill East (Underground)"
"0644","Monument (Underground)"
"0645","Moorgate (Underground)"
"0646","Moor Park (Underground)"
"0647","Morden (Underground)"
"0648","Mornington Crescent (Underground)"
"0649","Neasden (Underground)"
"0650","Newbury Park (Underground)"
"0653","North Acton (Underground)"
"0654","North Ealing (Underground)"
"0655","Northfields (Underground)"
"0656","North Harrow (Underground)"
"0657","Northolt (Underground)"
"0660","Northwick Park (Underground)"
"0661","Northwood (Underground)"
"0662","Northwood Hills (Underground)"
"0663","Notting Hill Gate (Underground)"
"0664","Oakwood (Underground)"
"0667","Osterley (Underground)"
"0668","Oval (Underground)"
"0669","Oxford Circus (Underground)"
"0670","Paddington (Underground)"
"0671","Park Royal (Underground)"
"0672","Parsons Green (Underground)"
"0673","Perivale (Underground)"
"0674","Piccadilly Circus (Underground)"
"0675","Pinner (Underground)"
"0676","Plaistow (Underground)"
"0677","Preston Road (Underground)"
"0678","Putney Bridge (Underground)"
"0679","Queensbury (Underground)"
"0681","Queensway (Underground)"
"0682","Ravenscourt Park (Underground)"
"0683","Rayners Lane (Underground)"
"0684","Redbridge (Underground)"
"0685","Regents Park (Underground)"
"0687","Rickmansworth (Underground)"
"0688","Roding Valley (Underground)"
"0689","Rotherhithe (Underground)"
"0690","Royal Oak (Underground)"
"0691","Ruislip (Underground)"
"0692","Ruislip Gardens (Underground)"
"0693","Ruislip Manor (Underground)"
"0694","Russell Square (Underground)"
"0695","St James Park (Underground)"
"0696","St Johns Wood (Underground)"
"0697","St Pauls (Underground)"
"0698","Seven Sisters (Underground)"
"0699","Shadwell (Underground)"
"0700","Shepherds Bush Central Line (Underground)"
"0701","Shoreditch (Underground)"
"0702","Sloane Square (Underground)"
"0703","Snaresbrook (Underground)"
"0704","South Ealing (Underground)"
"0705","Southfields (Underground)"
"0706","Southgate (Underground)"
"0707","South Harrow (Underground)"
"0708","South Kensington (Underground)"
"0711","South Wimbledon (Underground)"
"0712","South Woodford (Underground)"
"0713","Stamford Brook (Underground)"
"0714","Stanmore (Underground)"
"0715","Stepney Green (Underground)"
"0716","Stockwell (Underground)"
"0718","Charing Cross (Underground)"
"0720","Sudbury Hill (Underground)"
"0721","Sudbury Town (Underground)"
"0722","Surrey Quays (Underground)"
"0723","Swiss Cottage (Underground)"
"0724","Temple (Underground)"
"0725","Theydon Bois (Underground)"
"0726","Tooting Bec (Underground)"
"0727","Tooting Broadway (Underground)"
"0728","Tottenham Court Road (Underground)"
"0729","Tottenham Hale (Underground)"
"0730","Totteridge (Underground)"
"0731","Tower Hill (Underground)"
"0733","Tufnell Park (Underground)"
"0734","Turnham Green (Underground)"
"0735","Turnpike Lane (Underground)"
"0736","Upminster (Underground)"
"0737","Upminster Bridge (Underground)"
"0738","Upney (Underground)"
"0739","Upton Park (Underground)"
"0740","Uxbridge (Underground)"
"0741","Victoria (Underground)"
"0742","Walthamstow Central (Underground)"
"0743","Wanstead (Underground)"
"0744","Wapping (Underground)"
"0745","Warren Street (Underground)"
"0746","Warwick Avenue (Underground)"
"0747","Waterloo (Underground)"
"0748","Watford Met (Underground)"
"0749","Stratford High Street (DLR)"
"0750","Abbey Road (DLR)"
"0752","Wembley Park (Underground)"
"0753","West Acton (Underground)"
"0754","Westbourne Park (Underground)"
"0755","West Brompton (Underground)"
"0756","West Finchley (Underground)"
"0758","West Hampstead (Underground)"
"0759","West Harrow (Underground)"
"0760","West Kensington (Underground)"
"0761","Westminster (Underground)"
"0763","Whitechapel (Underground)"
"0764","White City (Underground)"
"0765","Willesden Green (Underground)"
"0768","Wimbledon Park (Underground)"
"0769","Woodford (Underground)"
"0770","Wood Green (Underground)"
"0771","Woodside Park (Underground)"
"0773","Hammersmith H&C (Underground)"
"0774","Edgware Road Bakerloo (Underground)"
"0775","Shepherds Bush H&C (Underground)"
"0776","Pimlico (Underground)"
"0777","Vauxhall (Underground)"
"0778","Brixton (Underground)"
"0779","Hatton Cross (Underground)"
"0782","Heathrow (Underground)"
"0783","Heathrow Terminal 5 (Underground)"
"0784","Southwark (Underground)"
"0787","Bermondsey (Underground)"
"0789","North Greenwich (Underground)"
"0808","Hoek van Holland"
"0826","Ascot Road (Underground)"
"0827","Watford Hospital (Underground)"
"0836","Luton Bus"
"0850","All Saints (DLR)"
"0851","Bow Church (DLR)"
"0852","Canary Wharf (DLR)"
"0854","Crossharbour (DLR)"
"0855","Heron Quays (DLR)"
"0856","Island Gardens (DLR)"
"0857","Mudchute (DLR)"
"0858","Poplar (DLR)"
"0859","Pudding Mill Lane (DLR)"
"0861","South Quay (DLR)"
"0862","Limehouse (DLR)"
"0865","Westferry (DLR)"
"0866","West India Quay (DLR)"
"0867","Devons Road (DLR)"
"0879","Cutty Sark (DLR)"
"0882","Blackwall (DLR)"
"0884","Canning Town (DLR)"
"0887","Custom House (DLR)"
"0888","Prince Regent (DLR)"
"0890","Royal Albert (DLR)"
"0891","Beckton Park (DLR)"
"0892","Portsmouth Cft"
"0893","Cyprus (DLR)"
"0894","Gallions Reach (DLR)"
"0895","Beckton (DLR)"
"0897","Deptford Bridge (DLR)"
"0898","Elverson Road (DLR)"
"0942","Alvcrlp"
"0943","Leigh Fleur-de-Lis"
"0944","London Road D R"
"0946","Preston Prk Ldnr"
"0947","Winchelsea New I"
"0948","Arundel (London Rd)"
"0990","Armadale"
"0990","Armadale"
"0991","Blackridge"
"0991","Blackridge"
"0992","Caldercruix"
"0992","Caldercruix"
"0993","Severn Tunnel Junction Rogiet"
"0997","Liverpool John Lennon Airport"
"1003","Bescot Stadium"
"1004","Aston"
"1006","Birmingham Snow Hill"
"1010","Tame Bridge Parkway"
"1011","Witton (West Midlands)"
"1016","Cannock"
"1017","Landywood"
"1018","Bloxwich North"
"1022","Haggerston"
"1023","Hoxton"
"1024","Shoreditch High Street"
"1030","Coventry"
"1033","Hampton In Arden"
"1034","Marston Green"
"1035","Tile Hill"
"1036","Adderley Park"
"1039","Rotherhithe"
"1040","Duddeston"
"1041","Erdington"
"1042","Four Oaks"
"1043","Stechford"
"1044","Sutton Coldfield"
"1045","Berkswell"
"1056","Wilnecote (Staffs)"
"1067","Long Buckby"
"1069","Northampton"
"1074","Atherstone (Warks)"
"1077","Nuneaton"
"1078","Polesworth"
"1082","Shadwell"
"1083","Surrey Quays"
"1084","Rugeley (Trent Valley)"
"1085","Wapping"
"1087","Rugby"
"1090","Aylesbury Vale Parkway"
"1096","Barnt Green"
"1097","Jewellery Quarter"
"1105","Selly Oak"
"1109","Kings Norton"
"1110","Longbridge"
"1111","Northfield"
"1112","Bournville"
"1114","Smethwick Galton Bridge"
"1121","Water Orton"
"1127","Birmingham New Street"
"1128","Perry Barr"
"1129","Canley"
"1130","Chester Road"
"1132","Gravelly Hill"
"1133","Lea Hall"
"1135","Rugeley Town"
"1138","Wylde Green"
"1141","Bloxwich"
"1143","Coseley"
"1145","Hamstead (Birmingham)"
"1148","Hednesford"
"1149","Sandwell & Dudley"
"1150","Smethwick Rolfe Street"
"1159","Tipton"
"1165","Bedworth"
"1176","Blake Street"
"1177","Lichfield City"
"1178","Shenstone"
"1179","Butlers Lane"
"1195","Penkridge"
"1198","Alvechurch"
"1208","Redditch"
"1212","Dudley Port"
"1215","Birmingham International"
"1216","Walsall"
"1218","Wolverhampton"
"1220","Goostrey"
"1221","Holmes Chapel"
"1223","Alsager"
"1227","Congleton"
"1229","Kidsgrove"
"1243","Crewe"
"1247","Nantwich"
"1261","Sandbach"
"1268","Stafford"
"1269","Alton Towers"
"1279","Barlaston"
"1282","Blythe Bridge"
"1291","Lichfield Trent Valley"
"1305","Longport"
"1306","Longton"
"1314","Stoke on Trent"
"1316","Stone (Staffs)"
"1322","Tamworth"
"1342","Uttoxeter"
"1346","Prees"
"1347","Wem"
"1348","Whitchurch (Shropshire)"
"1350","Wrenbury"
"1351","Yorton"
"1356","Norton Bridge"
"1357","Wedgwood"
"1360","Bletchley"
"1364","Wolverton"
"1372","Cheddington"
"1373","Leighton Buzzard"
"1377","Fenny Stratford"
"1378","Milton Keynes Central"
"1380","Aspley Guise"
"1381","Bow Brickhill"
"1384","Kempston Hardwick"
"1386","Stewartby"
"1390","Berkhamsted"
"1391","Hemel Hempstead"
"1392","Kings Langley"
"1393","Tring"
"1395","Bushey"
"1397","Harrow & Wealdstone"
"1398","Hatch End"
"1399","Kenton"
"1402","Watford Junction"
"1403","Watford North"
"1404","Acton Central"
"1409","Gospel Oak"
"1413","Hampstead Heath"
"1415","Kilburn High Road"
"1419","Queens Park (London)"
"1421","West Hampstead"
"1422","North Wembley"
"1423","Wembley Central"
"1429","Dalston Kingsland"
"1430","Apsley"
"1434","Headstone Lane"
"1437","Brondesbury"
"1438","Brondesbury Park"
"1439","Caledonian Road & Barnsbury"
"1440","Camden Road"
"1441","Canonbury"
"1442","Carpenders Park"
"1443","Dalston Junction"
"1444","London Euston"
"1445","Finchley Road & Frognal"
"1447","Kensal Green"
"1448","Kensal Rise"
"1449","Kentish Town West"
"1451","South Hampstead"
"1452","South Acton"
"1453","South Kenton"
"1454","Stonebridge Park"
"1455","Watford High Street"
"1457","Willesden Junction"
"1463","Great Missenden"
"1466","Wendover"
"1467","Stoke Mandeville"
"1475","London Marylebone"
"1478","Northolt Park"
"1483","Sudbury & Harrow Road"
"1484","Sudbury Hill"
"1492","Aylesbury"
"1494","Quainton Road"
"1509","Wembley Stadium"
"1510","Bedford St Johns"
"1512","Bedford"
"1519","Cricklewood"
"1521","Harlesden"
"1522","Hendon"
"1524","Upper Holloway"
"1525","West Hampstead Thameslink"
"1527","Mill Hill Broadway"
"1532","Flitwick"
"1533","Harlington (Beds)"
"1534","Leagrave"
"1536","Luton"
"1537","Millbrook (Beds)"
"1538","Ridgmont"
"1539","Woburn Sands"
"1540","London St Pancras International"
"1542","Elstree & Borehamwood"
"1543","Harpenden"
"1544","Ebbsfleet International (CIV)"
"1546","Radlett"
"1548","St Albans City"
"1553","Kentish Town"
"1555","London St Pancras"
"1559","Garston (Herts)"
"1560","Bricket Wood"
"1561","Park Street"
"1562","St Albans Abbey"
"1563","How Wood"
"1579","Lidlington"
"1581","Matlock"
"1582","Matlock Bath"
"1585","Whatstandwell"
"1595","Shirebrook"
"1598","Cardiff Central Bus Station"
"1620","Manulla Junction  (CIV)"
"1624","Attenborough"
"1625","Beeston"
"1655","Kelvindale"
"1655","Kelvindale"
"1658","Burton on Trent"
"1659","Canada Water"
"1663","Pye Corner"
"1678","Ambergate"
"1679","Belper"
"1687","Peartree"
"1691","Duffield"
"1699","Spondon"
"1727","Mansfield"
"1728","Mansfield Woodhouse"
"1734","Howwood (Strathclyde)"
"1734","Howwood (Strathclyde)"
"1761","Langley Mill"
"1783","Tutbury & Hatton"
"1805","Alfreton"
"1822","Cromford"
"1823","Derby"
"1826","Nottingham"
"1829","Long Eaton"
"1847","Corby"
"1851","Melton Mowbray"
"1857","Kettering"
"1861","Sutton Parkway"
"1862","Hucknall"
"1863","Newstead"
"1865","Bulwell"
"1867","Kirkby in Ashfield"
"1870","Hinckley (Leics)"
"1871","Langwith-Whaley Thorns"
"1874","Creswell"
"1881","Narborough"
"1897","Loughborough"
"1900","Syston"
"1901","East Midlands Parkway"
"1902","Sileby"
"1903","Barrow upon Soar"
"1904","Oakham"
"1905","Willington"
"1909","Market Harborough"
"1940","Wellingborough"
"1947","Leicester"
"1949","South Wigston"
"1953","Askam"
"1954","Barrow in Furness"
"1957","Dalton (Cumbria)"
"1959","Kirkby in Furness"
"1962","Roose"
"1963","Arnside"
"1964","Cark & Cartmel"
"1965","Grange Over Sands"
"1966","Kents Bank"
"1968","Silverdale"
"1975","Burneside (Cumbria)"
"1976","Kendal"
"1977","Staveley"
"1978","Windermere"
"1979","Southampton Town Quay"
"1988","Maryport"
"1993","Bootle (Cumbria)"
"1994","Drigg"
"1996","Green Road"
"1997","Millom"
"1999","Ravenglass"
"2000","Silecroft"
"2002","St Bees"
"2003","Seascale"
"2004","Sellafield"
"2010","Ulverston"
"2026","Flimby"
"2027","Harrington"
"2032","Parton"
"2040","Workington"
"2045","Braystones (Cumbria)"
"2046","Foxfield"
"2047","Nethertown"
"2048","Whitehaven"
"2049","Corkickle"
"2052","Appleby"
"2053","Braintree Freeport"
"2054","Armathwaite"
"2057","Kirkby Stephen"
"2058","Langwathby"
"2059","Lazonby"
"2077","Dalston (Cumbria)"
"2080","Euxton Balshaw Lane"
"2090","Oxenholme Lake District"
"2095","Aspatria"
"2098","Wigton"
"2102","Penrith"
"2103","Dent"
"2104","Garsdale"
"2105","Horton in Ribblesdale"
"2106","Ribblehead"
"2107","Settle"
"2118","Carlisle"
"2121","Ellesmere Port"
"2122","Ince & Elton"
"2123","Blundellsands & Crosby"
"2124","Kirkby (Merseyside)"
"2125","Aintree"
"2126","Fazakerley"
"2128","Eastham Rake"
"2131","Rice Lane"
"2133","Waterloo (Merseyside)"
"2136","Bidston"
"2138","Heswall"
"2139","Neston"
"2141","Upton (Merseyside)"
"2145","Birkenhead North"
"2146","Hawarden Bridge"
"2148","Liverpool Landing Stage"
"2149","Helsby"
"2151","Moreton (Merseyside)"
"2152","New Brighton"
"2154","Wallasey Grove Road"
"2155","Maghull"
"2156","Little Sutton"
"2157","Overpool"
"2158","Mouldsworth"
"2159","Stanlow & Thornton"
"2160","Huyton"
"2161","Whiston"
"2169","Edge Hill"
"2171","Mossley Hill"
"2186","Capenhurst"
"2187","Bache"
"2188","Bebington"
"2189","Rock Ferry"
"2190","Bromborough"
"2191","Bromborough Rake"
"2193","Hooton"
"2194","Hoylake"
"2195","Bootle New Strand"
"2198","Port Sunlight"
"2199","Spital"
"2201","West Kirby"
"2215","Aughton Park"
"2217","Birkenhead Central"
"2218","Green Lane"
"2219","Birkenhead Hamilton Square"
"2220","Birkenhead Park"
"2222","Bryn"
"2225","Cressington"
"2226","Moorfields"
"2227","Eccleston Park"
"2229","Hall Road"
"2230","Hartford"
"2231","Hillside"
"2235","Hunts Cross"
"2236","Ince (Manchester)"
"2237","Leasowe"
"2238","Bank Hall"
"2239","Bootle Oriel Rd"
"2240","Broad Green"
"2242","Liverpool Central"
"2244","James St (Liverpool)"
"2245","Kirkdale"
"2246","Liverpool Lime St"
"2247","Orrell Park"
"2248","St Michaels"
"2249","Sandhills"
"2250","Seaforth & Litherland"
"2251","Walton (Merseyside)"
"2253","Manor Road"
"2254","Meols"
"2255","Aigburth"
"2257","Newton Le Willows"
"2258","Old Roan"
"2259","Orrell"
"2261","Roby"
"2262","Southport"
"2264","Thatto Heath"
"2265","Wallasey Village"
"2266","West Allerton"
"2269","Winsford"
"2270","Liverpool Lime Street Low Level"
"2279","Burscough Bridge"
"2280","Burscough Junction"
"2281","Ormskirk"
"2283","Town Green"
"2284","Frodsham"
"2287","Acton Bridge"
"2291","Runcorn"
"2292","Earlestown"
"2294","Runcorn East"
"2295","Halewood"
"2296","Rainhill"
"2301","Glazebrook"
"2303","Hough Green"
"2304","Birchwood"
"2304","Birchwood"
"2304","Birchwood"
"2305","Cuddington"
"2306","Delamere"
"2307","Lostock Gralam"
"2308","Plumley"
"2313","Croston"
"2315","Rufford"
"2325","Greenbank"
"2326","Northwich"
"2335","Garswood"
"2337","Prescot"
"2339","Lea Green"
"2340","St Helens Junction"
"2341","St Helens Central"
"2350","Ainsdale"
"2351","Bescar Lane"
"2352","Birkdale"
"2354","Formby"
"2355","Freshfield"
"2356","Hightown"
"2357","Meols Cop"
"2358","New Lane"
"2363","Wigan North Western"
"2364","Upholland"
"2384","Warrington Bank Quay"
"2387","Padgate"
"2388","Sankey"
"2390","Warrington Central"
"2391","Widnes"
"2396","Appley Bridge"
"2397","Gathurst"
"2398","Hindley"
"2399","Hoscar"
"2402","Parbold"
"2403","Pemberton"
"2404","Rainford"
"2406","Wigan Wallgate"
"2412","Chester"
"2420","Bearley"
"2422","Buckley"
"2425","Cefn Y Bedd"
"2428","Hawarden"
"2432","Hope (Flints)"
"2433","Penyffordd"
"2435","Bodorgan"
"2437","Holyhead"
"2439","Ty Croes"
"2440","Valley"
"2444","Roman Bridge"
"2448","Abergele & Pensarn"
"2449","Betws Y Coed"
"2450","Blaenau Ffestiniog"
"2451","Colwyn Bay"
"2452","Dolwyddelan"
"2454","Glan Conwy"
"2455","North Llanwrst"
"2457","Llanrwst"
"2459","Pont Y Pant"
"2461","Rhyl"
"2463","Tal Y Cafn"
"2467","Llanfairpwll"
"2471","Bangor (Gwynedd)"
"2480","Deganwy"
"2484","Llandudno"
"2485","Llandudno Junction"
"2486","Conwy"
"2488","Llanfairfechan"
"2494","Penmaenmawr"
"2501","Tan-Y-Bwlch (Ffestiniog Railway)"
"2502","Penrhyn (Ffestiniog Railway)"
"2503","Porthmadog (Ffestiniog Railway)"
"2505","Pembroke Dock Ferry"
"2513","Flint"
"2521","Prestatyn"
"2536","Caergwrle"
"2538","Dolgarrog"
"2540","Bordon"
"2541","Romsey Bus"
"2544","Rhosneigr"
"2546","Shotton"
"2549","Burnley Manchester Rd"
"2550","Burnley Central"
"2552","Accrington"
"2554","Brierfield"
"2556","Church & Oswaldtwistle"
"2557","Hapton"
"2558","Huncoat"
"2561","Bamber Bridge"
"2562","Colne"
"2565","Nelson"
"2572","Hall i' Th' Wood"
"2573","Cherry Tree"
"2574","Clitheroe"
"2576","Darwen"
"2580","Rishton"
"2584","Atherton (Manchester)"
"2585","Hag Fold"
"2598","Lostock"
"2599","Bolton"
"2603","Brinnington"
"2604","Hattersley"
"2605","Kearsley (Manchester)"
"2606","Moses Gate"
"2612","Walkden"
"2619","Westhoughton"
"2640","Carnforth"
"2641","Adlington (Lancs)"
"2653","Clapham (Yorks)"
"2654","Gargrave"
"2655","Giggleswick"
"2656","Hellifield"
"2657","Long Preston"
"2660","Smithy Bridge"
"2661","Littleborough"
"2662","Ansdell & Fairhaven"
"2665","Walsden"
"2666","Squires Gate"
"2668","Kirkham & Wesham"
"2669","Layton (Lancs)"
"2670","Lytham"
"2671","Poulton Le Fylde"
"2672","St Annes-on-the-Sea"
"2673","Salwick"
"2675","Moss Side"
"2676","Bentham"
"2677","Todmorden"
"2681","Wennington"
"2685","Lancaster"
"2689","Lostock Hall"
"2690","Bare Lane"
"2691","Heysham Port"
"2695","Morecambe"
"2697","Bromley Cross"
"2710","Leyland"
"2722","Rose Grove"
"2728","Skipton"
"2732","Blackrod"
"2734","Ramsgreave & Wilpshire"
"2735","Langho"
"2736","Whalley (Lancs)"
"2737","Blackburn"
"2738","Blackpool Pleasure Beach"
"2739","Blackpool North"
"2740","Blackpool South"
"2743","Burnley Barracks"
"2745","Chorley"
"2747","Entwistle"
"2750","Mill Hill (Lancs)"
"2752","Pleasington"
"2753","Preston (Lancs)"
"2760","Alderley Edge"
"2762","Chapel-en-le-Frith"
"2764","Chelford (Cheshire)"
"2765","Disley"
"2766","Dove Holes"
"2767","Handforth"
"2768","Hazel Grove"
"2769","New Mills Newtown"
"2770","Davenport"
"2771","Stockport"
"2772","Whaley Bridge"
"2773","Woodsmoor"
"2774","Wilmslow"
"2777","Daisy Hill"
"2779","Bredbury"
"2780","Fairfield"
"2785","Belle Vue"
"2786","Flowery Field"
"2789","Newton for Hyde"
"2790","Ashton-under-Lyne"
"2794","Salford Crescent"
"2795","Clifton (Manchester)"
"2798","Salford Central"
"2799","Moorside"
"2800","Swinton (Manchester)"
"2806","Altrincham"
"2811","Farnworth"
"2817","Irlam"
"2820","Bamford"
"2823","Chinley"
"2824","Edale"
"2825","Grindleford"
"2826","Hathersage"
"2828","Hope (Derbyshire)"
"2829","Hyde Central"
"2830","Marple"
"2833","Romiley"
"2834","Strines"
"2835","Woodley"
"2845","Hale"
"2848","Knutsford"
"2849","Mobberley"
"2850","Ashley"
"2855","Denton"
"2857","Reddish South"
"2860","Heald Green"
"2861","Heaton Chapel"
"2862","Levenshulme"
"2867","Mauldeth Road"
"2868","Styal"
"2870","Cheadle Hulme"
"2871","Macclesfield"
"2873","Rose Hill"
"2874","Poynton"
"2875","Prestbury"
"2892","Broadbottom"
"2893","Dinting"
"2895","Glossop"
"2896","Hadfield"
"2900","Greenfield"
"2903","Mossley (Manchester)"
"2916","Patricroft"
"2919","Castleton (Manchester)"
"2920","Mills Hill (Manchester)"
"2924","Rochdale"
"2935","Flixton"
"2937","Humphrey Park"
"2938","Urmston"
"2939","Adlington (Cheshire)"
"2940","Navigation Road"
"2941","Ashburys"
"2944","Bramhall"
"2945","Burnage"
"2946","Buxton"
"2947","Chassen Road"
"2948","Godley"
"2949","East Didsbury"
"2950","Eccles (Manchester)"
"2952","Furness Vale"
"2953","Gatley"
"2955","Guide Bridge"
"2959","Hyde North"
"2960","Ardwick"
"2961","Manchester Airport"
"2962","Gorton"
"2963","Deansgate G-Mex"
"2966","Manchester Oxford Road"
"2968","Manchester Piccadilly"
"2969","Trafford Park"
"2970","Manchester Victoria"
"2971","Middlewood"
"2973","Moston"
"2974","New Mills Central"
"2977","Ryder Brow"
"2979","Reddish North"
"2983","Stalybridge"
"2985","Timperley"
"2996","Manchester United Football Ground"
"3000","Acton Main Line"
"3000","Acton Main Line"
"3003","Ascott-under-Wychwood"
"3003","Ascott-under-Wychwood"
"3004","Charlbury"
"3004","Charlbury"
"3005","Combe (Oxon)"
"3005","Combe (Oxon)"
"3007","Hanborough"
"3007","Hanborough"
"3008","Kingham"
"3008","Kingham"
"3009","Shipton"
"3009","Shipton"
"3012","Finstock"
"3012","Finstock"
"3018","Bourne End"
"3018","Bourne End"
"3019","Cookham"
"3019","Cookham"
"3021","Marlow"
"3021","Marlow"
"3030","Didcot Parkway"
"3030","Didcot Parkway"
"3031","Cholsey"
"3031","Cholsey"
"3033","Goring & Streatley"
"3033","Goring & Streatley"
"3035","NOTTM PHOENX PRK"
"3036","Pangbourne"
"3036","Pangbourne"
"3047","Beaconsfield"
"3048","Bicester North"
"3048","Bicester North"
"3048","Bicester North"
"3048","Bicester North"
"3048","Bicester North"
"3051","Gerrards Cross"
"3052","Denham"
"3053","Haddenham & Thame Parkway"
"3054","High Wycombe"
"3055","Princes Risborough"
"3056","Saunderton"
"3057","South Ruislip"
"3059","West Ruislip"
"3060","Denham Golf Club"
"3061","Seer Green"
"3062","Pewsey"
"3062","Pewsey"
"3066","Little Kimble"
"3067","Monks Risborough"
"3070","Bedwyn"
"3070","Bedwyn"
"3071","Newbury Racecourse"
"3071","Newbury Racecourse"
"3072","Hungerford"
"3072","Hungerford"
"3073","Kintbury"
"3073","Kintbury"
"3074","Newbury"
"3074","Newbury"
"3087","London Paddington"
"3087","London Paddington"
"3092","Kensington Olympia"
"3098","Castle Bar Park"
"3098","Castle Bar Park"
"3099","Drayton Green"
"3099","Drayton Green"
"3104","Bicester Town"
"3104","Bicester Town"
"3104","Bicester Town"
"3104","Bicester Town"
"3104","Bicester Town"
"3104","Bicester Town"
"3104","Bicester Town"
"3104","Bicester Town"
"3104","Bicester Town"
"3104","Bicester Town"
"3107","Culham"
"3107","Culham"
"3109","Appleford"
"3109","Appleford"
"3110","Islip"
"3110","Islip"
"3115","Oxford"
"3115","Oxford"
"3118","Radley"
"3118","Radley"
"3121","Oxford Parkway"
"3121","Oxford Parkway"
"3136","Greenford"
"3136","Greenford"
"3138","South Greenford"
"3138","South Greenford"
"3144","Furze Platt"
"3144","Furze Platt"
"3145","Aldermaston"
"3145","Aldermaston"
"3146","Henley on Thames"
"3146","Henley on Thames"
"3147","Maidenhead"
"3147","Maidenhead"
"3149","Reading"
"3149","Reading"
"3150","Shiplake"
"3150","Shiplake"
"3151","Taplow"
"3151","Taplow"
"3152","Thatcham"
"3152","Thatcham"
"3153","Theale"
"3153","Theale"
"3154","Tilehurst"
"3154","Tilehurst"
"3155","Twyford"
"3155","Twyford"
"3158","Wargrave"
"3158","Wargrave"
"3159","Midgham"
"3159","Midgham"
"3160","Reading West"
"3160","Reading West"
"3170","Iver"
"3170","Iver"
"3171","Langley (Berks)"
"3171","Langley (Berks)"
"3172","Slough"
"3172","Slough"
"3174","West Drayton"
"3174","West Drayton"
"3175","Windsor & Eton Central"
"3175","Windsor & Eton Central"
"3176","Burnham (Bucks)"
"3176","Burnham (Bucks)"
"3179","Heathrow Terminal 2 Bus"
"3180","Heathrow Terminal 3 Bus"
"3181","Heathrow Terminal 1 Bus"
"3182","Heathrow Terminal 4 Bus"
"3186","Hayes & Harlington"
"3186","Hayes & Harlington"
"3187","Southall"
"3187","Southall"
"3188","West Ealing"
"3188","West Ealing"
"3190","Ealing Broadway"
"3190","Ealing Broadway"
"3191","Hanwell"
"3191","Hanwell"
"3194","Heyford"
"3194","Heyford"
"3195","Tackley"
"3195","Tackley"
"3200","Avonmouth"
"3200","Avonmouth"
"3202","Clifton Down"
"3202","Clifton Down"
"3203","Montpelier"
"3203","Montpelier"
"3205","Severn Beach"
"3205","Severn Beach"
"3206","Shirehampton"
"3206","Shirehampton"
"3213","Patchway"
"3213","Patchway"
"3214","Pilning"
"3214","Pilning"
"3219","Oldfield Park"
"3219","Oldfield Park"
"3225","Lawrence Hill"
"3225","Lawrence Hill"
"3230","Bristol Parkway"
"3230","Bristol Parkway"
"3231","Bristol Temple Meads"
"3231","Bristol Temple Meads"
"3234","Heathrow Terminal 5 Bus"
"3235","Filton Abbeywood"
"3235","Filton Abbeywood"
"3237","Keynsham"
"3237","Keynsham"
"3238","Cam & Dursley"
"3238","Cam & Dursley"
"3245","Bedminster"
"3245","Bedminster"
"3246","Parson Street"
"3246","Parson Street"
"3247","Redland"
"3247","Redland"
"3250","Stapleton Road"
"3250","Stapleton Road"
"3252","St Andrews Road"
"3252","St Andrews Road"
"3254","Sea Mills"
"3254","Sea Mills"
"3265","Avoncliff"
"3265","Avoncliff"
"3267","Chippenham"
"3267","Chippenham"
"3271","Bath Spa"
"3271","Bath Spa"
"3314","Highbridge"
"3314","Highbridge"
"3325","Kemble"
"3325","Kemble"
"3333","Swindon (Wilts)"
"3333","Swindon (Wilts)"
"3341","Bradford on Avon"
"3341","Bradford on Avon"
"3344","Freshford"
"3344","Freshford"
"3346","Melksham"
"3346","Melksham"
"3348","Trowbridge"
"3348","Trowbridge"
"3380","Yate"
"3380","Yate"
"3388","Weston Milton"
"3388","Weston Milton"
"3389","Nailsea & Backwell"
"3389","Nailsea & Backwell"
"3390","Worle"
"3390","Worle"
"3391","Weston Super Mare"
"3391","Weston Super Mare"
"3392","Yatton"
"3392","Yatton"
"3408","Dawlish"
"3409","Dawlish Warren"
"3410","Exeter St Davids"
"3410","Exeter St Davids"
"3413","Starcross"
"3414","Exeter St Thomas"
"3422","Polsloe Bridge"
"3426","Newton Abbot"
"3427","Paignton"
"3430","Teignmouth"
"3432","Torre"
"3434","Torquay"
"3446","Bishops Lyddiard (West Somerset Railway)"
"3449","Bridgwater"
"3449","Bridgwater"
"3471","Taunton"
"3471","Taunton"
"3474","Tiverton Parkway"
"3474","Tiverton Parkway"
"3498","Lelant Saltings"
"3499","Penmere"
"3501","Bodmin Parkway"
"3502","Bugle"
"3504","Camborne"
"3508","Falmouth Docks"
"3513","Hayle"
"3517","Lostwithiel"
"3518","Luxulyan"
"3523","Newquay"
"3524","Par"
"3525","Penryn (Cornwall)"
"3526","Penzance"
"3528","Perranwell"
"3530","Redruth"
"3531","Quintrell Downs"
"3532","Roche"
"3534","St Austell"
"3536","St Columb Road"
"3537","St Erth"
"3538","St Ives (Cornwall)"
"3539","Lelant"
"3540","Truro"
"3542","Carbis Bay"
"3549","Bere Alston"
"3550","Bere Ferrers"
"3555","Ivybridge"
"3558","Totnes"
"3562","Calstock"
"3563","Gunnislake"
"3568","Causeland"
"3570","Coombe (Cornwall)"
"3571","Keyham"
"3572","St Keyne"
"3573","Liskeard"
"3574","Looe"
"3576","Menheniot"
"3579","Devonport (Devon)"
"3580","Plymouth"
"3584","Sandplace"
"3585","Ilminster"
"3586","St Germans"
"3587","Saltash"
"3588","Dockyard Devonport"
"3590","St Budeaux Ferry Road"
"3591","Falmouth Town"
"3592","St Budeaux Victoria Road"
"3602","Abergavenny"
"3607","Hereford"
"3607","Hereford"
"3620","Leominster"
"3623","Brunswick"
"3624","Conway Park"
"3628","Ebbw Vale"
"3628","Ebbw Vale"
"3628","Ebbw Vale"
"3634","Craven Arms"
"3635","Ludlow"
"3645","Luton Airport Parkway"
"3667","Luton Airport"
"3674","Newport (South Wales)"
"3674","Newport (South Wales)"
"3679","Severn Tunnel Junction"
"3679","Severn Tunnel Junction"
"3680","Caldicot"
"3738","Cwmbran"
"3744","Pontypool & New Inn"
"3774","Chepstow"
"3785","Cilmeri"
"3793","Belfast Port"
"3795","Eastbrook"
"3795","Eastbrook"
"3796","Waun-Gron Park"
"3796","Waun-Gron Park"
"3797","Danes Court"
"3797","Danes Court"
"3801","Abercynon"
"3801","Abercynon"
"3805","Barry"
"3805","Barry"
"3806","Barry Docks"
"3806","Barry Docks"
"3807","Barry Island"
"3807","Barry Island"
"3809","Bridgend"
"3809","Bridgend"
"3811","Cadoxton"
"3811","Cadoxton"
"3812","Caerphilly"
"3812","Caerphilly"
"3813","Aber"
"3813","Aber"
"3815","Cardiff Bay"
"3815","Cardiff Bay"
"3817","Ty Glas"
"3817","Ty Glas"
"3818","Ynyswen"
"3818","Ynyswen"
"3820","Cathays"
"3820","Cathays"
"3828","Cogan"
"3828","Cogan"
"3830","Dinas (Powys)"
"3830","Dinas (Powys)"
"3835","Rhigos"
"3839","Grangetown (Cardiff)"
"3839","Grangetown (Cardiff)"
"3844","Llandaf"
"3844","Llandaf"
"3845","Heath High Level"
"3845","Heath High Level"
"3847","Llanishen"
"3847","Llanishen"
"3850","Pontyclun"
"3850","Pontyclun"
"3851","Pencoed"
"3851","Pencoed"
"3852","Llwynypia"
"3852","Llwynypia"
"3853","Lisvane & Thornhill"
"3853","Lisvane & Thornhill"
"3855","Merthyr Tydfil"
"3855","Merthyr Tydfil"
"3857","Merthyr Vale"
"3857","Merthyr Vale"
"3859","Mountain Ash"
"3859","Mountain Ash"
"3861","Dingle Road"
"3861","Dingle Road"
"3862","Fernhill"
"3862","Fernhill"
"3863","Penarth"
"3863","Penarth"
"3870","Porth"
"3870","Porth"
"3871","Ystrad (Rhondda)"
"3871","Ystrad (Rhondda)"
"3873","Fairwater"
"3873","Fairwater"
"3874","Radyr"
"3874","Radyr"
"3876","Rhoose (for Cardiff Airport)"
"3876","Rhoose (for Cardiff Airport)"
"3880","Taffs Well"
"3880","Taffs Well"
"3882","Tonypandy"
"3882","Tonypandy"
"3886","Trefforest Estate"
"3886","Trefforest Estate"
"3887","Trefforest"
"3887","Trefforest"
"3888","Trehafod"
"3888","Trehafod"
"3889","Treherbert"
"3889","Treherbert"
"3891","Treorchy"
"3891","Treorchy"
"3895","Ninian Park"
"3895","Ninian Park"
"3896","Whitchurch (Cardiff)"
"3896","Whitchurch (Cardiff)"
"3897","Ton Pentre"
"3897","Ton Pentre"
"3899","Cardiff Central"
"3899","Cardiff Central"
"3899","Cardiff Central"
"3900","Cardiff Queen Street"
"3900","Cardiff Queen Street"
"3901","Dinas (Rhondda)"
"3901","Dinas (Rhondda)"
"3904","Pontypridd"
"3904","Pontypridd"
"3905","Coryton"
"3905","Coryton"
"3906","Rhiwbina"
"3906","Rhiwbina"
"3907","Birchgrove"
"3907","Birchgrove"
"3908","Heath Low Level"
"3908","Heath Low Level"
"3940","Ampfield"
"3941","Hursley"
"3942","Lindford"
"3943","Whitehill"
"3944","Pentre Bach"
"3944","Pentre Bach"
"3961","Garth (Bridgend)"
"3961","Garth (Bridgend)"
"3962","Maesteg Eweny Rd"
"3963","Maesteg"
"3963","Maesteg"
"3965","Wildmill"
"3965","Wildmill"
"3981","Cwmbach"
"3981","Cwmbach"
"3982","Aberdare"
"3982","Aberdare"
"3992","Penrhiwceiber"
"3992","Penrhiwceiber"
"3994","Quakers Yard"
"3994","Quakers Yard"
"4011","Bargoed"
"4011","Bargoed"
"4012","Brithdir"
"4012","Brithdir"
"4018","Llanbradach"
"4018","Llanbradach"
"4021","Pengam"
"4021","Pengam"
"4022","Gilfach Fargoed"
"4022","Gilfach Fargoed"
"4023","Pontlottyn"
"4023","Pontlottyn"
"4025","Tir Phil"
"4025","Tir Phil"
"4026","Ystrad Mynach"
"4026","Ystrad Mynach"
"4027","Rhymney"
"4027","Rhymney"
"4028","Hengoed"
"4028","Hengoed"
"4059","Llandovery"
"4060","Llangadog"
"4061","Llanwrda"
"4066","Ffairfach"
"4068","Carmarthen"
"4069","Clarbeston Road"
"4070","Clunderwen"
"4074","Ferryside"
"4076","Fishguard Harbour"
"4079","Haverfordwest"
"4081","Johnston (Pembrokeshire)"
"4083","Kilgetty"
"4084","Lamphey"
"4094","Manorbier"
"4095","Milford Haven"
"4098","Narberth"
"4101","Pembroke"
"4102","Pembroke Dock"
"4108","Saundersfoot"
"4110","Tenby"
"4111","Whitland"
"4124","Bynea"
"4129","Penally"
"4131","Gowerton"
"4132","Kidwelly"
"4133","Llanelli"
"4138","Llangennech"
"4140","Pembrey & Burry Port"
"4147","Cynghordy"
"4148","Garth (Powys)"
"4157","Sugar Loaf Halt"
"4162","Llangammarch"
"4163","Llanwrtyd"
"4175","Broome"
"4181","Port Talbot Parkway"
"4182","Bucknell"
"4185","Pyle"
"4186","Baglan"
"4187","Briton Ferry"
"4188","Dolau"
"4189","Hopton Heath"
"4206","Knighton"
"4207","Llangynllo"
"4216","Neath"
"4217","Skewen"
"4221","Swansea Docks"
"4222","Swansea"
"4223","Llansamlet"
"4226","Llanbister Road"
"4227","Llandrindod"
"4228","Knucklas"
"4236","Ammanford"
"4247","Llandybie"
"4248","Llandeilo"
"4250","Pantyffynnon"
"4251","Pontarddulais"
"4254","Pen Y Bont"
"4270","Sarn"
"4270","Sarn"
"4271","Tondu"
"4271","Tondu"
"4276","Troed Y Rhiw"
"4276","Troed Y Rhiw"
"4300","Gwersyllt"
"4303","Aberystwyth"
"4304","Borth"
"4312","Criccieth"
"4313","Porthmadog"
"4314","Pwllheli"
"4317","Builth Road"
"4327","Llanaber"
"4334","Llandecwyn"
"4335","Penhelig"
"4350","Boxhill Burford Bridge"
"4355","Talybont"
"4356","Llanbedr"
"4357","Tygwyn"
"4365","Church Stretton"
"4387","Shrewsbury"
"4409","Penychain"
"4412","Caersws"
"4416","Fairbourne"
"4421","Llwyngwril"
"4422","Machynlleth"
"4426","Newtown (Powys)"
"4432","Tonfanau"
"4433","Tywyn"
"4434","Welshpool"
"4435","Aberdovey"
"4436","Dovey Junction"
"4440","Abererch"
"4443","Red Funnel T2"
"4445","Barmouth"
"4449","Chirk"
"4455","Dyffryn Ardudwy"
"4457","Gobowen"
"4458","Harlech"
"4460","Llandanwg"
"4463","Pensarn"
"4469","Minffordd"
"4470","Morfa Mawddach"
"4473","Penrhyndeudraeth"
"4477","Ruabon"
"4479","Talsarnau"
"4486","Wrexham Central"
"4487","Wrexham General"
"4502","Banbury"
"4502","Banbury"
"4503","Five Ways"
"4504","University (Birmingham)"
"4508","Kings Sutton"
"4508","Kings Sutton"
"4513","Bordesley"
"4515","Birmingham Moor Street"
"4518","Tyseley"
"4519","Danzey"
"4520","Earlswood (West Midlands)"
"4521","Hall Green"
"4523","The Hawthorns"
"4524","Henley in Arden"
"4524","Henley in Arden"
"4525","Dorridge"
"4526","Shirley (West Midlands)"
"4527","Solihull"
"4528","Widney Manor"
"4529","Acocks Green"
"4530","Small Heath"
"4532","Wythall"
"4533","Olton"
"4535","Spring Road"
"4536","Wood End"
"4537","Yardley Wood"
"4538","The Lakes"
"4539","Whitlocks End"
"4540","Wootton Wawen"
"4558","Stratford upon Avon"
"4559","Den Haag CS"
"4560","Schiedam Rotterdam West"
"4568","Wilmcote"
"4574","Blakedown"
"4577","Hagley"
"4579","Hartlebury"
"4581","Kidderminster"
"4593","Claverdon"
"4594","Hatton"
"4595","Lapworth"
"4597","Leamington Spa"
"4600","Warwick"
"4606","Rowley Regis"
"4607","Langley Green"
"4614","Albrighton"
"4616","Codsall"
"4617","Cosford"
"4618","Bilbrook"
"4619","Shifnal"
"4639","Cradley Heath"
"4640","Lye (West Midlands)"
"4641","Old Hill"
"4643","Stourbridge Town"
"4646","Stourbridge Junction"
"4689","Oakengates"
"4690","Wellington (Shropshire)"
"4691","Telford"
"4700","Ashchurch"
"4700","Ashchurch"
"4715","Bromsgrove"
"4731","Cheltenham Spa"
"4731","Cheltenham Spa"
"4740","Evesham"
"4740","Evesham"
"4760","Gloucester"
"4760","Gloucester"
"4770","Stonehouse"
"4770","Stonehouse"
"4771","Stroud (Glos)"
"4771","Stroud (Glos)"
"4784","Ledbury"
"4784","Ledbury"
"4787","Southend Airport"
"4794","Honeybourne"
"4794","Honeybourne"
"4814","Moreton in Marsh"
"4814","Moreton in Marsh"
"4826","Lydney"
"4876","Colwall"
"4876","Colwall"
"4878","Droitwich Spa"
"4884","Malvern Link"
"4884","Malvern Link"
"4887","Pershore"
"4887","Pershore"
"4891","Worcester Shrub Hill"
"4891","Worcester Shrub Hill"
"4892","Great Malvern"
"4892","Great Malvern"
"4893","Worcester Foregate Street"
"4893","Worcester Foregate Street"
"4935","Whitechapel"
"5003","Appledore (Kent)"
"5004","Ashford International"
"5006","Broadstairs"
"5007","Canterbury West"
"5008","Chartham"
"5009","Chilham"
"5011","Deal"
"5013","Ramsgate Harbour"
"5018","Margate"
"5019","Minster"
"5021","Ore"
"5023","Ramsgate"
"5024","Rye (Sussex)"
"5025","Sandling"
"5026","Sandwich"
"5027","Folkestone West"
"5028","Three Oaks"
"5029","Sturry"
"5030","Westenhanger"
"5031","Wye"
"5033","Dover Priory"
"5033","Dover Priory"
"5034","Dumpton Park"
"5035","Folkestone Central"
"5036","Doleham"
"5037","Ham Street"
"5038","Kearsney (Kent)"
"5040","Martin Mill"
"5041","Walmer"
"5042","Winchelsea"
"5046","Beckenham Junction"
"5047","Catford Bridge"
"5048","Clock House"
"5049","Elmers End"
"5050","Hayes (Kent)"
"5051","Lewisham"
"5053","Lower Sydenham"
"5054","West Wickham"
"5056","Eden Park"
"5057","Ladywell"
"5058","New Beckenham"
"5059","St Johns"
"5062","Bellingham (London)"
"5063","Bickley"
"5064","Bromley South"
"5065","Eynsford"
"5066","Herne Hill"
"5068","Nunhead"
"5069","Mitcham Eastfields"
"5071","Otford"
"5072","Penge East"
"5073","St Mary Cray"
"5074","Shoreham (Kent)"
"5075","Swanley"
"5076","Beckenham Hill"
"5077","Catford"
"5078","Crofton Park"
"5079","Kemsing"
"5080","Kent House"
"5081","Brixton"
"5082","Loughborough Junction"
"5083","Ravensbourne"
"5084","Shortlands"
"5085","Sydenham Hill"
"5086","West Dulwich"
"5089","Barnehurst"
"5090","Bat & Ball"
"5091","Bearsted"
"5092","Belvedere"
"5093","Bexley"
"5094","Bexleyheath"
"5095","Blackheath"
"5096","Bromley North"
"5097","Charing (Kent)"
"5098","Chelsfield"
"5099","Chislehurst"
"5100","Crayford"
"5101","Dartford"
"5101","Dartford"
"5102","Dunton Green"
"5103","Eltham"
"5104","Erith"
"5105","Farningham Road"
"5107","Hither Green"
"5108","Kidbrooke"
"5109","Knockholt"
"5110","Lee (London)"
"5111","Lenham"
"5112","London Blackfriars"
"5114","Longfield"
"5115","Maidstone East"
"5116","Meopham"
"5118","Mottingham"
"5119","New Eltham"
"5120","Northfleet"
"5121","City Thameslink"
"5122","Orpington"
"5123","Petts Wood"
"5124","Sevenoaks"
"5125","Sidcup"
"5126","Sole Street"
"5128","Welling"
"5129","West Malling"
"5130","Borough Green & Wrotham"
"5131","Abbey Wood"
"5132","Albany Park"
"5133","Barming"
"5134","East Malling"
"5135","Elmstead Woods"
"5137","Falconwood"
"5138","Greenhithe"
"5139","Grove Park"
"5140","Harrietsham"
"5141","Hollingbourne"
"5142","London Cannon Street"
"5143","London Charing Cross"
"5144","Charlton"
"5145","Deptford"
"5146","Greenwich"
"5148","London Bridge"
"5149","Maze Hill"
"5150","New Cross"
"5151","Westcombe Park"
"5152","Woolwich Arsenal"
"5153","Woolwich Dockyard"
"5154","Slade Green"
"5155","Sundridge Park"
"5156","Swanscombe"
"5158","London Waterloo East"
"5160","Adisham"
"5162","Aylesford"
"5163","Birchington"
"5164","Canterbury East"
"5167","Faversham"
"5169","Gillingham (Kent)"
"5172","Gravesend"
"5173","Halling"
"5174","Herne Bay"
"5175","Newington"
"5176","Queenborough"
"5177","Rainham (Kent)"
"5179","Selling"
"5184","Sheerness on Sea"
"5185","Snowdown"
"5186","Shepherds Well"
"5187","Sittingbourne"
"5189","Snodland"
"5191","Strood (Kent)"
"5193","Teynham"
"5195","Westgate on Sea"
"5196","Whitstable"
"5197","Aylesham"
"5198","Bekesbourne"
"5199","Chatham"
"5200","Chestfield & Swalecliffe"
"5201","Cuxton"
"5202","Higham (Kent)"
"5203","Rochester"
"5205","Kemsley"
"5208","Plumstead"
"5211","Bexhill"
"5215","Battle"
"5217","Etchingham"
"5218","Frant"
"5219","Hastings"
"5220","Headcorn"
"5222","Maidstone West"
"5223","Marden (Kent)"
"5224","Paddock Wood"
"5225","Pluckley"
"5226","Robertsbridge"
"5227","Beltring"
"5228","Staplehurst"
"5229","Tonbridge"
"5230","Tunbridge Wells"
"5231","Wadhurst"
"5232","Yalding"
"5233","Crowhurst"
"5234","East Farleigh"
"5235","High Brooms"
"5236","Hildenborough"
"5237","Maidstone Barracks"
"5238","New Hythe"
"5239","St Leonards Warrior Square"
"5240","Stonegate"
"5241","Wateringbury"
"5242","West St Leonards"
"5246","Elephant & Castle"
"5248","Stone Crossing"
"5249","Swale"
"5250","Amberley"
"5251","Arundel"
"5252","Barnham"
"5253","Bognor Regis"
"5254","Bosham"
"5255","Chichester"
"5257","Emsworth"
"5258","Ford"
"5260","Littlehampton"
"5261","Fishbourne (Sussex)"
"5262","Nutbourne"
"5263","Southbourne"
"5264","Warblington"
"5267","Angmering"
"5268","Brighton"
"5272","Goring by Sea"
"5273","Hove"
"5275","Lancing"
"5276","Portslade"
"5277","Shoreham by Sea"
"5278","West Worthing"
"5279","Worthing"
"5280","Aldrington"
"5281","London Road (Brighton)"
"5282","Durrington"
"5283","East Worthing"
"5284","Fishersgate"
"5285","Preston Park"
"5286","Southwick"
"5289","Haydons Road"
"5290","St Helier"
"5291","Morden South"
"5292","South Merton"
"5293","West Sutton"
"5294","Leigh (Kent)"
"5296","Chilworth"
"5297","Dorking West"
"5298","Gomshall"
"5301","Clapham High Street"
"5308","Holmwood (Surrey)"
"5309","Horsham"
"5310","Ockley"
"5312","Moulsecoomb"
"5316","Warnham"
"5319","Christs Hospital"
"5323","Berwick (Sussex)"
"5324","Buxted"
"5325","Crowborough"
"5329","Lewes"
"5330","Newhaven Harbour"
"5331","Newhaven Town"
"5332","Plumpton"
"5333","Seaford Sussex"
"5334","Uckfield"
"5335","Newhaven Marine"
"5336","Cooksbridge"
"5337","Falmer"
"5338","Glynde"
"5339","Southease"
"5341","Wivelsfield"
"5345","New Cross Gate"
"5347","Ashtead"
"5348","Banstead"
"5350","Belmont"
"5351","Caterham"
"5352","Cheam"
"5353","Chipstead"
"5355","East Croydon"
"5356","Crystal Palace"
"5357","Dorking"
"5358","East Dulwich"
"5359","Edenbridge Town"
"5360","Epsom"
"5361","Epsom Downs"
"5362","Forest Hill"
"5363","Gipsy Hill"
"5364","Hackbridge"
"5365","Horley"
"5366","Kingswood"
"5368","Leatherhead"
"5369","Lingfield"
"5372","Wandsworth Road"
"5376","Norwood Junction"
"5377","Oxted"
"5378","Penge West"
"5379","Purley"
"5380","Salfords (Surrey)"
"5382","Coulsdon Town"
"5383","Streatham"
"5384","Streatham Common"
"5385","Sutton (London)"
"5386","Tadworth"
"5387","Tattenham Corner"
"5388","Thornton Heath"
"5389","Tooting"
"5390","Tulse Hill"
"5391","Upper Warlingham"
"5392","Waddon"
"5394","Wallington"
"5395","Wandsworth Common"
"5396","Whyteleafe"
"5397","Anerley"
"5398","Ashurst (Kent)"
"5399","Balham"
"5401","Birkbeck"
"5402","Bishopstone (Sussex)"
"5403","Boxhill & Westhumble"
"5404","Brockley"
"5405","Carshalton"
"5406","Carshalton Beech"
"5408","Coulsdon South"
"5409","Cowden (Kent)"
"5410","South Croydon"
"5411","West Croydon"
"5412","Dorking Deepdene"
"5413","Dormans"
"5414","Earlswood (Surrey)"
"5415","Ewell East"
"5416","Gatwick Airport"
"5417","Hever"
"5418","Honor Oak Park"
"5419","Kenley"
"5420","Battersea Park"
"5421","Denmark Hill"
"5423","Peckham Rye"
"5424","Queens Road Peckham"
"5425","South Bermondsey"
"5426","London Victoria"
"5427","Mitcham Junction"
"5428","Norbury"
"5429","North Dulwich"
"5430","Purley Oaks"
"5431","Reedham (London)"
"5432","Riddlesdown"
"5433","Sanderstead"
"5434","Selhurst"
"5435","Streatham Hill"
"5436","Sutton Common"
"5437","Sydenham (London)"
"5438","West Norwood"
"5439","Whyteleafe South"
"5440","Woldingham"
"5441","Woodmansterne"
"5448","Eastbourne"
"5450","Hampden Park (Sussex)"
"5455","Polegate"
"5457","Collington"
"5458","Cooden Beach"
"5459","Eridge"
"5460","Normans Bay"
"5461","Pevensey & Westham"
"5462","Pevensey Bay"
"5463","Hurst Green"
"5464","Billingshurst"
"5465","London Waterloo"
"5466","Ashford International (CIV)"
"5468","Pulborough"
"5470","London International (CIV)"
"5472","Betchworth"
"5473","Edenbridge"
"5474","Godstone"
"5475","Merstham"
"5476","Nutfield"
"5477","Penshurst"
"5478","Redhill"
"5480","Reigate"
"5483","Burgess Hill"
"5484","Crawley"
"5486","East Grinstead"
"5489","Hassocks"
"5490","Haywards Heath"
"5491","Three Bridges"
"5492","Balcombe"
"5493","Faygate"
"5494","Smallbrook Junction"
"5495","Ifield"
"5498","Littlehaven"
"5500","Bramley (Hants)"
"5500","Bramley (Hants)"
"5501","Mortimer"
"5501","Mortimer"
"5502","Dilton Marsh"
"5502","Dilton Marsh"
"5504","Lake"
"5505","Warminster"
"5505","Warminster"
"5509","Fratton"
"5510","Andover"
"5514","Grateley"
"5520","Basingstoke"
"5520","Basingstoke"
"5521","Farnborough Main"
"5522","Fleet"
"5523","Hook"
"5525","Sandown"
"5526","Overton"
"5527","Whitchurch (Hants)"
"5528","Winchfield"
"5529","Shanklin"
"5530","Brading"
"5532","Havant"
"5537","Portsmouth & Southsea"
"5538","Bedhampton"
"5539","Hilsea"
"5540","Portsmouth Harbour"
"5541","Ryde Pier Head"
"5542","Ryde Esplanade"
"5543","Ryde St Johns Road"
"5544","Alton"
"5545","Farnham"
"5547","Ash Vale"
"5550","Addlestone"
"5551","Barnes"
"5552","Brentford"
"5553","Chertsey"
"5554","Chessington South"
"5555","Clandon"
"5556","Claygate"
"5557","Cobham & Stoke D'Abernon"
"5558","Esher"
"5559","Feltham"
"5560","Hampton (London)"
"5561","Hampton Court"
"5562","Horsley"
"5563","Hounslow"
"5565","Kingston"
"5566","Ebbsfleet International"
"5567","New Malden"
"5568","Norbiton"
"5569","Raynes Park"
"5570","Richmond (London)"
"5571","Surbiton"
"5572","Teddington"
"5573","Tolworth"
"5574","Twickenham"
"5575","Walton on Thames"
"5576","Wandsworth Town"
"5577","Weybridge"
"5578","Wimbledon"
"5579","Worcester Park"
"5580","Barnes Bridge"
"5581","Berrylands"
"5582","Chessington North"
"5583","Chiswick"
"5584","Earlsfield"
"5586","Ewell West"
"5587","Fulwell"
"5588","Gunnersbury"
"5589","Hampton Wick"
"5590","Hersham"
"5591","Hinchley Wood"
"5592","Isleworth"
"5593","Kew Bridge"
"5594","Kew Gardens"
"5595","Clapham Junction"
"5596","Queenstown Road (Battersea)"
"5597","Vauxhall"
"5598","London Waterloo"
"5599","Malden Manor"
"5600","Mortlake"
"5601","North Sheen"
"5602","Oxshott"
"5603","Putney"
"5604","St Margarets (London)"
"5605","Shepperton"
"5606","Stoneleigh"
"5607","Strawberry Hill"
"5608","Sunbury"
"5609","Syon Lane"
"5610","Thames Ditton"
"5611","Whitton (London)"
"5612","Wimbledon Chase"
"5613","Upper Halliford"
"5623","Aldershot"
"5624","Bentley (Hants)"
"5625","Blackwater"
"5625","Blackwater"
"5626","Bookham"
"5628","Crowthorne"
"5628","Crowthorne"
"5629","Godalming"
"5631","Guildford"
"5631","Guildford"
"5632","London Road (Guildford)"
"5633","Haslemere"
"5634","Liphook"
"5635","Liss"
"5636","North Camp"
"5636","North Camp"
"5638","Shalford (Surrey)"
"5639","Wanborough"
"5639","Wanborough"
"5640","Witley"
"5641","Ash"
"5641","Ash"
"5642","Effingham Junction"
"5643","Farncombe"
"5644","Milford (Surrey)"
"5645","Motspur Park"
"5646","Sandhurst (Berks)"
"5646","Sandhurst (Berks)"
"5653","Stonehenge"
"5657","Petersfield"
"5658","Rowlands Castle"
"5663","Salisbury"
"5663","Salisbury"
"5666","Ascot (Berks)"
"5667","Ashford (Surrey)"
"5668","Datchet"
"5669","Egham"
"5670","Staines"
"5671","Sunningdale"
"5672","Windsor & Eton Riverside"
"5673","Wraysbury"
"5674","Longcross"
"5675","Sunnymeads"
"5676","Virginia Water"
"5678","Kempton Park Racecourse"
"5681","Bagshot"
"5682","Camberley"
"5683","Frimley"
"5684","West Byfleet"
"5685","Woking"
"5686","Worplesdon"
"5687","Brookwood"
"5688","Farnborough North"
"5688","Farnborough North"
"5689","Byfleet & New Haw"
"5692","Martins Heron"
"5693","Bracknell"
"5694","Earley"
"5696","Wokingham"
"5696","Wokingham"
"5697","Winnersh"
"5697","Winnersh"
"5698","Winnersh Triangle"
"5702","Bruton"
"5702","Bruton"
"5703","Castle Cary"
"5703","Castle Cary"
"5707","Frome"
"5707","Frome"
"5712","Westbury"
"5712","Westbury"
"5714","Axminster"
"5717","Honiton"
"5725","Barnstaple"
"5751","St James Park (Exeter)"
"5753","Digby & Sowton"
"5754","Crediton"
"5755","Exeter Central"
"5755","Exeter Central"
"5756","Exmouth"
"5757","Pinhoe"
"5758","Topsham"
"5759","Whimple"
"5760","Exton"
"5761","Lympstone Village"
"5762","Lympstone Commando"
"5786","Okehampton"
"5796","Gillingham (Dorset)"
"5798","Tisbury"
"5808","Feniton"
"5820","Chapelton (Devon)"
"5821","Copplestone"
"5822","Eggesford"
"5823","Kings Nympton"
"5824","Lapford"
"5825","Morchard Road"
"5826","Umberleigh"
"5827","Yeoford"
"5828","Newton St Cyres"
"5829","Portsmouth Arms"
"5832","Crewkerne"
"5835","Sherborne"
"5836","Chandlers Ford"
"5837","Templecombe"
"5838","Yeovil Junction"
"5840","Chetnole"
"5840","Chetnole"
"5849","Thornford"
"5849","Thornford"
"5853","Maiden Newton"
"5853","Maiden Newton"
"5856","Yeovil Pen Mill"
"5856","Yeovil Pen Mill"
"5857","Yetminster"
"5857","Yetminster"
"5875","Branksome"
"5876","Bournemouth"
"5879","Christchurch"
"5880","Hinton Admiral"
"5881","New Milton"
"5882","Parkstone (Dorset)"
"5883","Poole"
"5884","Sway"
"5885","Pokesdown"
"5886","Brockenhurst"
"5887","Lymington Town"
"5890","Beaulieu Road"
"5891","Poole Quay"
"5892","Lymington Pier"
"5893","Hedge End"
"5894","Botley"
"5896","Cosham"
"5899","Eastleigh"
"5900","Fareham"
"5906","Ashurst (New Forest)"
"5908","Micheldever"
"5909","Millbrook (Hants)"
"5911","Netley"
"5912","Redbridge (Hants)"
"5914","St Denys"
"5920","Swanwick"
"5921","Totton"
"5922","Southampton Airport Parkway"
"5924","Winchester"
"5925","Woolston"
"5927","Bursledon"
"5928","Portchester"
"5929","Shawford"
"5930","Sholing"
"5931","Southampton Royal Pier"
"5932","Southampton Central"
"5933","Swaythling"
"5940","Hamworthy"
"5941","Holton Heath"
"5942","Dean (Wilts)"
"5943","Romsey"
"5944","Mottisfont & Dunbridge"
"5945","Bitterne"
"5947","Hamble"
"5957","Moreton (Dorset)"
"5958","Swanage"
"5959","Wareham (Dorset)"
"5960","Wool"
"5961","Dorchester South"
"5962","Dorchester West"
"5962","Dorchester West"
"5965","Weymouth"
"5965","Weymouth"
"5966","Weymouth Quay"
"5967","Upwey"
"5967","Upwey"
"5971","Jersey (Channel Islands)"
"5972","Guernsey (Channel Islands)"
"5979","Southampton Docks"
"6000","Drayton Park"
"6003","Old Street"
"6004","Essex Road"
"6005","Moorgate"
"6006","Bayford"
"6007","Crews Hill"
"6008","Cuffley"
"6009","Highbury & Islington"
"6010","Enfield Chase"
"6012","Harringay"
"6015","Hornsey"
"6018","New Barnet"
"6019","New Southgate"
"6020","Oakleigh Park"
"6021","Palmers Green"
"6022","Potters Bar"
"6024","Winchmore Hill"
"6025","Alexandra Palace"
"6027","Bowes Park"
"6028","Gordon Hill"
"6029","Grange Park"
"6070","Hatfield (Herts)"
"6073","Welham Green"
"6074","Brookmans Park"
"6075","Hadley Wood"
"6083","Ashwell & Morden"
"6084","Baldock"
"6085","Hertford North"
"6086","Hitchin"
"6088","Knebworth"
"6089","Letchworth Garden City"
"6090","Royston (Herts)"
"6092","Stevenage"
"6095","Watton-at-Stone"
"6096","Welwyn North"
"6108","Huntingdon"
"6110","St Neots"
"6119","Finsbury Park"
"6121","London Kings Cross"
"6133","Peterborough"
"6140","Stamford (Lincs)"
"6150","Frosterley"
"6151","Wolsingham"
"6170","Biggleswade"
"6171","Arlesey"
"6172","Sandy"
"6183","Welwyn Garden City"
"6200","Burton Joyce"
"6201","Carlton"
"6202","Lowdham"
"6203","Thurgarton"
"6204","Bleasby"
"6206","Goxhill"
"6207","Barton-on-Humber"
"6209","New Holland"
"6210","Thornton Abbey"
"6211","Ulceby"
"6212","Barrow Haven"
"6216","Boston"
"6220","Heckington"
"6221","Hubberts Bridge"
"6228","Swineshead"
"6233","Aslockton"
"6235","Bingham"
"6237","Bottesford"
"6238","Elton & Orston"
"6241","Netherfield"
"6242","Radcliffe-on-Trent"
"6245","Nutfield Village"
"6258","Broadford"
"6260","Havenhouse"
"6265","Skegness"
"6267","Thorpe Culvert"
"6268","Wainfleet"
"6274","Cleethorpes"
"6275","Great Coates"
"6276","Grimsby Docks"
"6280","Grimsby Town"
"6281","Habrough"
"6283","Healing"
"6287","Stallingborough"
"6289","New Clee"
"6297","Metheringham"
"6310","Hykeham"
"6318","Market Rasen"
"6327","Ruskington"
"6328","Saxilby"
"6340","Lincoln"
"6349","Collingham"
"6351","Fiskerton"
"6353","Rolleston"
"6355","Swinderby"
"6358","Ancaster"
"6361","Rauceby"
"6362","Sleaford"
"6388","Spalding"
"6392","Reading Bus"
"6392","Reading Bus"
"6393","Conon Bridge"
"6393","Conon Bridge"
"6401","Kiveton Bridge"
"6406","Barnetby"
"6417","Doncaster"
"6424","Gainsborough Lea Road"
"6456","Scunthorpe"
"6464","Brigg"
"6465","Gainsborough Central"
"6466","Kirton Lindsey"
"6469","Grantham"
"6488","Conisbrough"
"6498","Newark Castle"
"6499","Newark North Gate"
"6511","Retford"
"6524","Crowle"
"6527","Kirk Sandall"
"6528","Hatfield & Stainforth"
"6530","Thorne North"
"6531","Thorne South"
"6532","Althorpe (Humberside)"
"6551","Whitwell"
"6565","Kiveton Park"
"6570","Shireoaks"
"6574","Worksop"
"6615","Chesterfield"
"6616","Dronfield"
"6634","Penistone"
"6663","Meadowhall"
"6664","Chapeltown (Yorks)"
"6667","Elsecar"
"6676","Rotherham Central"
"6680","Fishguard & Goodwick"
"6686","Swinton (South Yorks)"
"6688","Wombwell"
"6690","Dore"
"6691","Sheffield"
"6707","Mexborough"
"6729","Darnall"
"6732","Woodhouse"
"6737","X Maze Hill 4Tg"
"6738","X NXG 4TG"
"6739","X High & Is 4Tg"
"6740","X Farringdon 4Tg"
"6741","X Rayleigh 4Tg"
"6774","Barnsley"
"6781","Dodworth"
"6782","Silkstone Common"
"6786","Cairnryan"
"6788","Q Brands Hatch"
"6789","X Finsbury  Park"
"6794","Stratford-upon-Avon Parkway"
"6800","Bishops Stortford"
"6801","Braintree"
"6804","Harlow Mill"
"6804","Harlow Mill"
"6804","Harlow Mill"
"6806","Sawbridgeworth"
"6810","Brimsdown"
"6812","Broxbourne"
"6812","Broxbourne"
"6812","Broxbourne"
"6814","Cheshunt"
"6815","Enfield Lock"
"6818","Hertford East"
"6818","Hertford East"
"6818","Hertford East"
"6819","Ponders End"
"6820","Rye House"
"6820","Rye House"
"6820","Rye House"
"6821","St Margarets (Herts)"
"6821","St Margarets (Herts)"
"6821","St Margarets (Herts)"
"6823","Waltham Cross"
"6824","Ware (Herts)"
"6824","Ware (Herts)"
"6824","Ware (Herts)"
"6827","Harlow Town"
"6827","Harlow Town"
"6827","Harlow Town"
"6829","Roydon Essex"
"6829","Roydon Essex"
"6829","Roydon Essex"
"6832","Elsenham Essex"
"6833","Stansted Mountfitchet"
"6834","Stansted Airport"
"6836","Chelmsford (Essex)"
"6837","Cressing (Essex)"
"6838","Kelvedon"
"6844","Witham"
"6845","Hatfield Peverel"
"6846","White Notley"
"6847","Alresford (Essex)"
"6850","Clacton-on-Sea"
"6851","Hythe (Essex)"
"6853","Colchester Town"
"6854","Frinton-on-Sea"
"6855","Great Bentley"
"6856","Manningtree"
"6857","Thorpe-le-Soken"
"6858","Walton-on-the-Naze"
"6859","Weeley"
"6860","Wivenhoe"
"6861","Colchester"
"6862","Kirby Cross"
"6863","Marks Tey"
"6867","Hackney Downs"
"6867","Hackney Downs"
"6867","Hackney Downs"
"6869","Althorne (Essex)"
"6870","Battlesbridge"
"6871","Billericay"
"6872","Brentwood"
"6873","Burnham-on-Crouch"
"6874","Chadwell Heath"
"6875","North Fambridge"
"6876","Forest Gate"
"6877","Gidea Park"
"6878","Goodmayes"
"6879","Harold Wood"
"6880","Hockley"
"6881","Ilford"
"6882","Ingatestone"
"6883","Manor Park"
"6884","Rayleigh"
"6885","Rochford"
"6886","Romford"
"6888","Shenfield"
"6890","Southminster"
"6891","Wickford"
"6892","South Woodham Ferrers"
"6893","Seven Kings"
"6901","Dovercourt"
"6902","Harwich International"
"6905","Harwich Town"
"6906","Mistley"
"6907","Wrabness"
"6909","Angel Road"
"6913","Bush Hill Park"
"6913","Bush Hill Park"
"6913","Bush Hill Park"
"6914","Chingford"
"6914","Chingford"
"6914","Chingford"
"6919","Highams Park"
"6919","Highams Park"
"6919","Highams Park"
"6926","Clapton"
"6926","Clapton"
"6926","Clapton"
"6931","Seven Sisters"
"6931","Seven Sisters"
"6931","Seven Sisters"
"6934","Stoke Newington"
"6934","Stoke Newington"
"6934","Stoke Newington"
"6941","Edmonton Green"
"6941","Edmonton Green"
"6941","Edmonton Green"
"6947","Southbury"
"6947","Southbury"
"6947","Southbury"
"6949","Theobalds Grove"
"6949","Theobalds Grove"
"6949","Theobalds Grove"
"6951","Tottenham Hale"
"6952","Turkey Street"
"6952","Turkey Street"
"6952","Turkey Street"
"6953","Walthamstow Central"
"6953","Walthamstow Central"
"6953","Walthamstow Central"
"6954","Wood Street"
"6954","Wood Street"
"6954","Wood Street"
"6956","White Hart Lane"
"6956","White Hart Lane"
"6956","White Hart Lane"
"6958","Bruce Grove"
"6958","Bruce Grove"
"6958","Bruce Grove"
"6959","Enfield Town"
"6959","Enfield Town"
"6959","Enfield Town"
"6961","Bethnal Green"
"6961","Bethnal Green"
"6961","Bethnal Green"
"6962","Cambridge Heath"
"6962","Cambridge Heath"
"6962","Cambridge Heath"
"6965","London Liverpool Street"
"6966","London Fields"
"6966","London Fields"
"6966","London Fields"
"6967","Rectory Road"
"6967","Rectory Road"
"6967","Rectory Road"
"6968","Stamford Hill"
"6968","Stamford Hill"
"6968","Stamford Hill"
"6969","Stratford (London)"
"6970","Maryland"
"6971","Northumberland Park"
"6972","Silver Street"
"6972","Silver Street"
"6972","Silver Street"
"6973","St James Street (Walthamstow)"
"6973","St James Street (Walthamstow)"
"6973","St James Street (Walthamstow)"
"6977","Hackney Central"
"6978","Hackney Wick"
"6979","Homerton"
"7006","Brundall Gardens"
"7008","Bury St Edmunds"
"7011","Kennett"
"7017","Audley End"
"7022","Cambridge"
"7027","Dullingham"
"7029","Foxton"
"7032","Great Chesterford"
"7036","Meldreth"
"7038","Newmarket"
"7039","Newport (Essex)"
"7043","Shelford (Cambs)"
"7044","Shepreth"
"7047","Whittlesford Parkway"
"7051","Chappel & Wakes Colne"
"7055","Downham Market"
"7057","Watlington"
"7068","Ely"
"7072","Littleport"
"7073","Shippea Hill"
"7079","Waterbeach"
"7085","Bures"
"7090","Heathrow Term123"
"7091","Heathrow Term 4"
"7098","Sudbury (Suffolk)"
"7115","Kings Lynn"
"7165","Manea"
"7166","March"
"7187","Whittlesea"
"7200","Brandon"
"7201","Lakenheath"
"7203","Thetford"
"7211","Darsham"
"7212","Derby Road (Ipswich)"
"7214","Felixstowe"
"7217","Ipswich"
"7221","Melton (Suffolk)"
"7222","Stratford International "
"7224","Saxmundham"
"7225","Trimley"
"7226","Westerfield"
"7227","Wickham Market"
"7228","Woodbridge"
"7258","Beccles"
"7259","Brampton (Suffolk)"
"7266","Halesworth"
"7268","Lowestoft"
"7273","Oulton Broad North"
"7274","Oulton Broad South"
"7286","Acle"
"7289","Brundall"
"7290","Buckenham (Norfolk)"
"7292","Cantley"
"7295","Cromer"
"7297","Roughton Road"
"7299","Gunton"
"7300","Haddiscoe"
"7305","Lingwood"
"7308","North Walsham"
"7309","Norwich"
"7316","Reedham (Norfolk)"
"7318","Salhouse"
"7319","Sheringham"
"7320","Somerleyton"
"7326","Worstead"
"7327","Hoveton & Wroxham"
"7328","Great Yarmouth"
"7329","West Runton"
"7330","Berney Arms"
"7348","Diss"
"7349","Elmswell"
"7354","Needham Market"
"7355","Stowmarket"
"7356","Thurston"
"7367","Attleborough"
"7370","Eccles Road"
"7371","Dereham Market Place"
"7374","Harling Road"
"7379","Spooner Row"
"7383","Wymondham"
"7400","Blackhorse Road"
"7401","Harringay Green Lanes"
"7402","Leyton Midland Road"
"7403","Leytonstone High Road"
"7404","South Tottenham"
"7406","Crouch Hill"
"7407","Walthamston Queens Road"
"7408","Wanstead Park"
"7419","Prittlewell"
"7420","Southend Victoria"
"7427","Bath Bus Station"
"7428","Bristol T M Stn"
"7428","Bristol T M Stn"
"7428","Bristol T M Stn"
"7428","Bristol T M Stn"
"7430","Chippenham Nw Rd"
"7431","Plymouth Salt Rd"
"7432","Swindon Bus Station"
"7433","Totnes Station Road"
"7434","Taunton Station Forecourt"
"7435","Par Stn Bus Stop"
"7439","Benfleet"
"7440","Dagenham Dock"
"7443","Grays"
"7445","Laindon"
"7446","Leigh-on-Sea"
"7447","Chafford Hundred"
"7451","Ockendon"
"7452","Pitsea"
"7453","Purfleet"
"7454","Rainham (Essex)"
"7455","Shoeburyness"
"7456","Southend Central"
"7457","Southend East"
"7458","Stanford-le-Hope"
"7460","Thorpe Bay"
"7461","Tilbury Riverside"
"7462","Tilbury Town"
"7464","Upminster"
"7466","West Horndon"
"7467","Woodgrange Park"
"7469","Chalkwell"
"7471","East Tilbury"
"7473","Emerson Park"
"7473","Emerson Park"
"7473","Emerson Park"
"7474","West Ham"
"7476","Westcliff"
"7490","London Fenchurch Street"
"7491","Limehouse (C2C)"
"7492","Barking"
"7494","Basildon"
"7501","Buckshaw Parkway"
"7501","Buckshaw Parkway"
"7503","Blaydon"
"7504","Corbridge"
"7506","Hexham"
"7509","Prudhoe"
"7510","Riding Mill"
"7513","Stocksfield"
"7514","Wylam"
"7515","Commondale"
"7516","Kildale"
"7520","Allens West"
"7521","Teesside Airport"
"7563","Bardon Mill"
"7565","Brampton (Cumbria)"
"7568","Haltwhistle"
"7569","Haydon Bridge"
"7572","Wetheral"
"7579","Cramlington"
"7603","Manors"
"7632","St Peters"
"7639","St Keyne Village"
"7640","Sunderland"
"7641","Seaburn"
"7646","Duloe (Causeland)"
"7662","Acklington"
"7680","Morpeth"
"7685","Pegswood"
"7695","Widdrington"
"7725","Metrocentre"
"7728","Newcastle"
"7728","Newcastle"
"7736","Chester Le Street"
"7740","Brockley Whins"
"7744","Dunston"
"7745","Durham"
"7746","East Boldon"
"7765","Corfe Castle"
"7766","Heworth"
"7784","Bishopstone Hillrise"
"7787","Alnmouth"
"7791","Berwick-upon-Tweed"
"7792","Chathill"
"7814","Seaham"
"7816","Eridge A26 Bus S"
"7834","Newton Aycliffe"
"7835","Bishop Auckland"
"7877","Darlington"
"7884","Hever Brocasfarm"
"7887","Heighington"
"7893","Shildon"
"7895","North Road"
"7897","Dinsdale"
"7909","Battersby"
"7910","Billingham (Cleveland)"
"7914","Castleton Moor"
"7915","Danby"
"7916","Eaglescliffe"
"7917","Yarm"
"7918","Egton"
"7921","Glaisdale"
"7922","Great Ayton"
"7925","Lealholm"
"7928","Marske"
"7929","Middlesbrough"
"7930","Gypsy Lane"
"7932","Redcar British Steel"
"7946","Nunthorpe"
"7947","Marton"
"7950","Redcar Central"
"7951","Saltburn"
"7953","South Bank"
"7974","Redcar East"
"7975","Stockton"
"7976","Thornaby"
"7978","Longbeck"
"7994","Southease Church"
"7996","Northallerton"
"7998","Saffron Walden"
"8007","Seaton Carew"
"8009","Hartlepool"
"8025","Goole"
"8031","Rawcliffe"
"8033","Saltmarshe"
"8036","Snaith"
"8045","Arram"
"8047","Bempton"
"8048","Beverley"
"8049","Bridlington"
"8050","Broomfleet"
"8051","Brough"
"8056","Cottingham"
"8057","Driffield"
"8061","Ferriby"
"8062","Filey"
"8067","Hessle"
"8071","Howden"
"8098","Hunmanby"
"8099","Hutton Cranswick"
"8107","Nafferton"
"8114","Eastrington"
"8117","Gilberdyke"
"8123","Wressle"
"8126","Hull"
"8129","Hensall"
"8130","Whitley Bridge"
"8142","South Milford"
"8155","Grosmont"
"8164","Malton"
"8174","Ruswarp"
"8178","Seamer"
"8179","Sleights"
"8184","Whitby"
"8185","Scarborough"
"8191","Thirsk"
"8201","Selby"
"8212","Hornbeam Park"
"8212","Hornbeam Park"
"8213","Harrogate"
"8213","Harrogate"
"8214","Knaresborough"
"8214","Knaresborough"
"8221","Starbeck"
"8221","Starbeck"
"8232","Cattal"
"8232","Cattal"
"8233","Church Fenton"
"8241","Hammerton"
"8241","Hammerton"
"8254","Poppleton"
"8254","Poppleton"
"8257","Sherburn in Elmet"
"8261","Ulleskelf"
"8263","York"
"8263","York"
"8282","Thurnscoe"
"8284","Goldthorpe"
"8309","Outwood"
"8326","Dewsbury"
"8345","Bradford Interchange"
"8346","Bradford Forster Square"
"8347","Shipley (Yorkshire)"
"8352","Bentley (South Yorks)"
"8353","Adwick"
"8355","South Elmsall"
"8358","Sandal & Agbrigg"
"8359","Castleford"
"8360","Glasshoughton"
"8411","Halifax"
"8420","Darton"
"8429","Brockholes"
"8431","Berry Brow"
"8432","Denby Dale"
"8436","Honley"
"8437","Huddersfield"
"8441","Deighton"
"8443","Lockwood"
"8445","Marsden (Yorkshire)"
"8448","Shepley"
"8450","Slaithwaite"
"8451","Stocksmoor"
"8468","Keighley"
"8469","Steeton & Silsden"
"8470","Cononley"
"8472","East Garforth"
"8473","Cross Gates"
"8474","Garforth"
"8477","Micklefield"
"8479","Pannal"
"8479","Pannal"
"8484","Batley"
"8487","Leeds"
"8487","Leeds"
"8496","Bramley (West Yorks)"
"8498","Headingley"
"8498","Headingley"
"8499","Horsforth"
"8499","Horsforth"
"8500","Burley Park"
"8500","Burley Park"
"8504","Morley"
"8505","Cottingley"
"8506","New Pudsey"
"8509","Weeton"
"8509","Weeton"
"8514","Brighouse"
"8518","Mirfield"
"8519","Ravensthorpe"
"8524","Hebden Bridge"
"8526","Mytholmroyd"
"8527","Sowerby Bridge"
"8528","Normanton"
"8530","Warwick Parkway"
"8536","Bolton-on-Dearne"
"8539","Moorthorpe"
"8540","Pontefract Baghill"
"8541","Pontefract Tanshelf"
"8543","Streethouse"
"8544","Featherstone"
"8546","Knottingley"
"8548","Pontefract Monkhill"
"8552","Baildon"
"8553","Bingley"
"8554","Crossflatts"
"8556","Frizinghall"
"8561","Saltaire"
"8564","Ben Rhydding"
"8565","Burley-in-Wharfedale"
"8567","Guiseley"
"8568","Ilkley"
"8574","Menston"
"8578","Woodlesford"
"8583","Fitzwilliam"
"8584","Wakefield Kirkgate"
"8589","Wavertree Technology Park"
"8591","Wakefield Westgate"
"8600","Achanalt"
"8600","Achanalt"
"8601","Achnasheen"
"8601","Achnasheen"
"8602","Achnashellach"
"8602","Achnashellach"
"8605","Alness"
"8605","Alness"
"8606","Altnabreac"
"8606","Altnabreac"
"8608","Attadale"
"8608","Attadale"
"8610","Aviemore"
"8610","Aviemore"
"8610","Aviemore"
"8613","Ardgay"
"8613","Ardgay"
"8614","Invershin"
"8614","Invershin"
"8618","Brora"
"8618","Brora"
"8621","Carrbridge"
"8621","Carrbridge"
"8625","Culrain"
"8625","Culrain"
"8628","Dalwhinnie"
"8628","Dalwhinnie"
"8632","Dingwall"
"8632","Dingwall"
"8637","Fearn"
"8637","Fearn"
"8638","Forres"
"8638","Forres"
"8639","Forsinard"
"8639","Forsinard"
"8640","Garve"
"8640","Garve"
"8641","Georgemas Junction"
"8641","Georgemas Junction"
"8642","Dunrobin Castle"
"8642","Dunrobin Castle"
"8643","Golspie"
"8643","Golspie"
"8647","Helmsdale"
"8647","Helmsdale"
"8648","Invergordon"
"8648","Invergordon"
"8649","Inverness"
"8649","Inverness"
"8652","Kildonan"
"8652","Kildonan"
"8653","Kinbrace"
"8653","Kinbrace"
"8655","Kingussie"
"8655","Kingussie"
"8657","Kyle of Lochalsh"
"8657","Kyle of Lochalsh"
"8658","Lairg"
"8658","Lairg"
"8660","Lochluichart"
"8660","Lochluichart"
"8665","Muir of Ord"
"8665","Muir of Ord"
"8666","Nairn"
"8666","Nairn"
"8668","Newtonmore"
"8668","Newtonmore"
"8670","Plockton"
"8670","Plockton"
"8671","Rogart"
"8671","Rogart"
"8672","Scotscalder"
"8672","Scotscalder"
"8673","Strathcarron"
"8673","Strathcarron"
"8674","Stromeferry"
"8674","Stromeferry"
"8676","Tain"
"8676","Tain"
"8677","Thurso"
"8677","Thurso"
"8680","Wick"
"8680","Wick"
"8681","Duirinish"
"8681","Duirinish"
"8682","Duncraig"
"8682","Duncraig"
"8683","Fellgate Metro"
"8684","Stadium of Light"
"8708","Connel Ferry"
"8708","Connel Ferry"
"8711","Dalmally"
"8711","Dalmally"
"8712","Loch Awe"
"8712","Loch Awe"
"8713","Dunblane"
"8713","Dunblane"
"8713","Dunblane"
"8715","Gleneagles"
"8715","Gleneagles"
"8715","Gleneagles"
"8720","Horwich Parkway"
"8724","Sampford Courtenay"
"8725","Oban"
"8725","Oban"
"8725","Oban"
"8726","Falls of Cruachan"
"8726","Falls of Cruachan"
"8727","Taynuilt"
"8727","Taynuilt"
"8728","Tyndrum Lower"
"8728","Tyndrum Lower"
"8728","Tyndrum Lower"
"8750","Blair Atholl"
"8750","Blair Atholl"
"8763","Dunkeld"
"8763","Dunkeld"
"8778","Invergowrie"
"8778","Invergowrie"
"8801","Pitlochry"
"8801","Pitlochry"
"8805","Perth"
"8805","Perth"
"8805","Perth"
"8807","Brunstane"
"8807","Brunstane"
"8808","Newcraighall"
"8808","Newcraighall"
"8821","Arisaig"
"8821","Arisaig"
"8822","Beasdale"
"8822","Beasdale"
"8823","Bridge of Orchy"
"8823","Bridge of Orchy"
"8824","Corpach"
"8824","Corpach"
"8825","Corrour"
"8825","Corrour"
"8826","Crianlarich"
"8826","Crianlarich"
"8826","Crianlarich"
"8827","Fort William"
"8827","Fort William"
"8827","Fort William"
"8828","Glenfinnan"
"8828","Glenfinnan"
"8829","Lochailort"
"8829","Lochailort"
"8830","Locheilside"
"8830","Locheilside"
"8831","Mallaig"
"8831","Mallaig"
"8833","Morar"
"8833","Morar"
"8834","Rannoch"
"8834","Rannoch"
"8835","Roy Bridge"
"8835","Roy Bridge"
"8836","Spean Bridge"
"8836","Spean Bridge"
"8837","Tulloch"
"8837","Tulloch"
"8838","Upper Tyndrum"
"8838","Upper Tyndrum"
"8838","Upper Tyndrum"
"8839","Banavie"
"8839","Banavie"
"8846","Loch Eil Outward Bound"
"8846","Loch Eil Outward Bound"
"8851","Doncaster Interchange"
"8854","Barnsley Interchange"
"8860","Portlethen"
"8860","Portlethen"
"8875","West Brompton"
"8877","Beauly"
"8877","Beauly"
"8905","Dyce"
"8905","Dyce"
"8921","Huntly"
"8921","Huntly"
"8922","Insch"
"8922","Insch"
"8924","Inverurie"
"8924","Inverurie"
"8925","Keith"
"8925","Keith"
"8931","Laurencekirk"
"8931","Laurencekirk"
"8964","Stonehaven"
"8964","Stonehaven"
"8964","Stonehaven"
"8976","Aberdeen"
"8976","Aberdeen"
"8976","Aberdeen"
"8977","Elgin"
"8977","Elgin"
"9013","Balmossie"
"9013","Balmossie"
"9020","Barry Links"
"9020","Barry Links"
"9023","Broughty Ferry"
"9023","Broughty Ferry"
"9028","Carnoustie"
"9028","Carnoustie"
"9031","Boat of Garten"
"9034","Stromness (Orkney)"
"9039","Dundee"
"9039","Dundee"
"9048","Castlebay (Barra)"
"9050","Canna (Isle Of)"
"9051","Coll (Isle Of)"
"9052","Colonsay (Isle Of)"
"9053","Cumbrae (Isle Of)"
"9055","Eigg (Isle Of)"
"9057","Tarbert (Harris)"
"9058","Lismore (Isle Of)"
"9060","Monifieth"
"9060","Monifieth"
"9061","Muck (Isle Of)"
"9066","Rhum (Isle Of)"
"9069","Kyleakin (Isle of Skye)"
"9073","Tiree (Isle Of)"
"9074","Lochmaddy (North Uist)"
"9079","Arbroath"
"9079","Arbroath"
"9080","Montrose"
"9080","Montrose"
"9084","Belfast Central"
"9090","Aberdour"
"9090","Aberdour"
"9096","Golf Street"
"9096","Golf Street"
"9107","Burntisland"
"9107","Burntisland"
"9112","Cardenden"
"9112","Cardenden"
"9121","Cupar"
"9121","Cupar"
"9128","Tadworth (Avenue)"
"9135","Dalgety Bay"
"9135","Dalgety Bay"
"9136","Inverkeithing"
"9136","Inverkeithing"
"9140","Heworth (Metro)"
"9142","Kinghorn"
"9142","Kinghorn"
"9144","Newcastle (Metro)"
"9145","Kirkcaldy"
"9145","Kirkcaldy"
"9149","Ladybank"
"9149","Ladybank"
"9156","Lochgelly"
"9156","Lochgelly"
"9160","Markinch"
"9160","Markinch"
"9175","Springfield"
"9175","Springfield"
"9185","Cowdenbeath"
"9185","Cowdenbeath"
"9186","Dunfermline Town"
"9186","Dunfermline Town"
"9187","Dunfermline Queen Margaret"
"9187","Dunfermline Queen Margaret"
"9188","Leuchars"
"9188","Leuchars"
"9189","North Queensferry"
"9189","North Queensferry"
"9190","Rosyth"
"9190","Rosyth"
"9217","Kingsknowe"
"9217","Kingsknowe"
"9218","Curriehill"
"9218","Curriehill"
"9230","Kirknewton"
"9230","Kirknewton"
"9231","Westerhailes"
"9231","Westerhailes"
"9236","Slateford"
"9236","Slateford"
"9245","Fauldhouse"
"9245","Fauldhouse"
"9246","Hartwood"
"9246","Hartwood"
"9250","West Calder"
"9250","West Calder"
"9251","Breich"
"9251","Breich"
"9301","Glenrothes"
"9301","Glenrothes"
"9304","Musselburgh"
"9304","Musselburgh"
"9310","Addiewell"
"9310","Addiewell"
"9311","Bathgate"
"9311","Bathgate"
"9317","Drem"
"9317","Drem"
"9318","South Gyle"
"9318","South Gyle"
"9328","Edinburgh"
"9328","Edinburgh"
"9328","Edinburgh"
"9337","Edinburgh Busstn"
"9354","Longniddry"
"9354","Longniddry"
"9358","North Berwick"
"9358","North Berwick"
"9365","Wallyford"
"9365","Wallyford"
"9366","Prestonpans"
"9366","Prestonpans"
"9371","Livingston North"
"9371","Livingston North"
"9372","Livingston South"
"9372","Livingston South"
"9373","Uphall"
"9373","Uphall"
"9395","Edinburgh Park"
"9395","Edinburgh Park"
"9397","Dunbar"
"9397","Dunbar"
"9415","Dalmeny"
"9415","Dalmeny"
"9419","Haymarket"
"9419","Haymarket"
"9419","Haymarket"
"9438","Linlithgow"
"9438","Linlithgow"
"9438","Linlithgow"
"9451","Annan"
"9451","Annan"
"9452","Fairlie"
"9452","Fairlie"
"9453","Ardrossan Harbour"
"9453","Ardrossan Harbour"
"9455","Ardrossan Town"
"9455","Ardrossan Town"
"9457","Auchinleck"
"9457","Auchinleck"
"9463","Ayr"
"9463","Ayr"
"9466","Barassie"
"9466","Barassie"
"9467","Barrhill"
"9467","Barrhill"
"9483","Dalry"
"9483","Dalry"
"9490","Dumfries"
"9490","Dumfries"
"9492","Dunlop"
"9492","Dunlop"
"9501","Girvan"
"9501","Girvan"
"9503","Glengarnock"
"9503","Glengarnock"
"9507","James Cook Hospital"
"9507","James Cook Hospital"
"9507","James Cook Hospital"
"9508","Irvine"
"9508","Irvine"
"9512","Kilmarnock"
"9512","Kilmarnock"
"9516","Kilmaurs"
"9516","Kilmaurs"
"9517","Kilwinning"
"9517","Kilwinning"
"9518","Kirkconnel"
"9518","Kirkconnel"
"9521","Largs"
"9521","Largs"
"9529","Maybole"
"9529","Maybole"
"9533","New Cumnock"
"9533","New Cumnock"
"9543","Prestwick (Strathclyde)"
"9543","Prestwick (Strathclyde)"
"9544","Prestwick International"
"9544","Prestwick International"
"9547","Saltcoats"
"9547","Saltcoats"
"9549","Sanquhar"
"9549","Sanquhar"
"9552","Shieldmuir"
"9552","Shieldmuir"
"9553","Stevenston"
"9553","Stevenston"
"9554","Stewarton"
"9554","Stewarton"
"9555","Stranraer"
"9555","Stranraer"
"9562","Troon"
"9562","Troon"
"9564","West Kilbride"
"9564","West Kilbride"
"9569","Ardrossan South Beach"
"9569","Ardrossan South Beach"
"9571","Newton-on-Ayr"
"9571","Newton-on-Ayr"
"9586","Imperial Wharf"
"9587","Shepherds Bush"
"9608","Muirend"
"9608","Muirend"
"9609","Nitshill"
"9609","Nitshill"
"9610","Gretna Green"
"9610","Gretna Green"
"9614","Lockerbie"
"9614","Lockerbie"
"9618","IBM Halt"
"9618","IBM Halt"
"9620","Bishopton (Strathclyde)"
"9620","Bishopton (Strathclyde)"
"9622","Dumbreck"
"9622","Dumbreck"
"9623","Pollokshields West"
"9623","Pollokshields West"
"9624","Cardonald"
"9624","Cardonald"
"9627","Corkerhill"
"9627","Corkerhill"
"9628","Crookston"
"9628","Crookston"
"9630","Hillington West"
"9630","Hillington West"
"9632","Mosspark"
"9632","Mosspark"
"9634","Hawkhead"
"9634","Hawkhead"
"9635","Gourock"
"9635","Gourock"
"9639","Woodhall"
"9639","Woodhall"
"9646","Inverkip"
"9646","Inverkip"
"9648","Johnstone (Strathclyde)"
"9648","Johnstone (Strathclyde)"
"9652","Langbank"
"9652","Langbank"
"9655","Lochwinnoch"
"9655","Lochwinnoch"
"9657","Paisley Canal"
"9657","Paisley Canal"
"9658","Milliken Park"
"9658","Milliken Park"
"9664","Paisley St James"
"9664","Paisley St James"
"9665","Whinhill"
"9665","Whinhill"
"9667","Port Glasgow"
"9667","Port Glasgow"
"9668","Bogston"
"9668","Bogston"
"9669","Gourock Pier"
"9673","Wemyss Bay"
"9673","Wemyss Bay"
"9674","Barrhead"
"9674","Barrhead"
"9675","Fort Matilda"
"9675","Fort Matilda"
"9676","Hillington East"
"9676","Hillington East"
"9680","Cartsdyke"
"9680","Cartsdyke"
"9681","Greenock Central"
"9681","Greenock Central"
"9682","Greenock West"
"9682","Greenock West"
"9683","Paisley Gilmour Street"
"9683","Paisley Gilmour Street"
"9691","Motherwell"
"9691","Motherwell"
"9694","Wishaw"
"9694","Wishaw"
"9695","Airbles"
"9695","Airbles"
"9699","Llantwit Major"
"9699","Llantwit Major"
"9702","Carluke"
"9702","Carluke"
"9704","Carstairs"
"9704","Carstairs"
"9705","Merryton"
"9705","Merryton"
"9707","Chatelherault"
"9707","Chatelherault"
"9709","Liverpool South Parkway"
"9709","Liverpool South Parkway"
"9710","Lanark"
"9710","Lanark"
"9714","Bellshill"
"9714","Bellshill"
"9716","Blantyre"
"9716","Blantyre"
"9718","Cleland"
"9718","Cleland"
"9721","Cumbernauld"
"9721","Cumbernauld"
"9721","Cumbernauld"
"9723","Gartcosh"
"9723","Gartcosh"
"9723","Gartcosh"
"9725","Greenfaulds"
"9725","Greenfaulds"
"9725","Greenfaulds"
"9726","Hamilton Central"
"9726","Hamilton Central"
"9727","Hamilton West"
"9727","Hamilton West"
"9728","Larkhall"
"9728","Larkhall"
"9738","Holytown"
"9738","Holytown"
"9739","Shotts"
"9739","Shotts"
"9747","Coatbridge Central"
"9747","Coatbridge Central"
"9752","Coatbridge Sunnyside"
"9752","Coatbridge Sunnyside"
"9753","Whifflet"
"9753","Whifflet"
"9757","Drumgelloch"
"9757","Drumgelloch"
"9759","Airdrie"
"9759","Airdrie"
"9760","Blairhill"
"9760","Blairhill"
"9762","Coatdyke"
"9762","Coatdyke"
"9763","Baillieston"
"9763","Baillieston"
"9764","Bargeddie"
"9764","Bargeddie"
"9766","Kirkwood"
"9766","Kirkwood"
"9767","Burnside (Strathclyde)"
"9767","Burnside (Strathclyde)"
"9768","Cambuslang"
"9768","Cambuslang"
"9769","Carmyle"
"9769","Carmyle"
"9771","Kirkhill"
"9771","Kirkhill"
"9773","Neilston"
"9773","Neilston"
"9774","Newton (Lanarkshire)"
"9774","Newton (Lanarkshire)"
"9775","Patterton"
"9775","Patterton"
"9776","Uddingston"
"9776","Uddingston"
"9777","Whitecraigs"
"9777","Whitecraigs"
"9778","Croftfoot"
"9778","Croftfoot"
"9779","Mount Vernon"
"9779","Mount Vernon"
"9781","Williamwood"
"9781","Williamwood"
"9785","Polmadie"
"9787","Rutherglen"
"9787","Rutherglen"
"9789","Bridgeton"
"9789","Bridgeton"
"9790","Dalmarnock"
"9790","Dalmarnock"
"9791","Busby"
"9791","Busby"
"9792","Clarkston"
"9792","Clarkston"
"9793","East Kilbride"
"9793","East Kilbride"
"9794","Giffnock"
"9794","Giffnock"
"9795","Cathcart"
"9795","Cathcart"
"9796","Crossmyloof"
"9796","Crossmyloof"
"9802","Maxwell Park"
"9802","Maxwell Park"
"9803","Stansted Airport Bus"
"9804","Pollokshaws West"
"9804","Pollokshaws West"
"9808","Priesthill & Darnley"
"9808","Priesthill & Darnley"
"9810","Hairmyres"
"9810","Hairmyres"
"9812","Thornliebank"
"9812","Thornliebank"
"9813","Glasgow Central"
"9813","Glasgow Central"
"9813","Glasgow Central"
"9814","Crosshill"
"9814","Crosshill"
"9816","Kennishead"
"9816","Kennishead"
"9817","Kings Park"
"9817","Kings Park"
"9818","Langside"
"9818","Langside"
"9819","Mount Florida"
"9819","Mount Florida"
"9820","Pollokshaws East"
"9820","Pollokshaws East"
"9821","Pollokshields East"
"9821","Pollokshields East"
"9822","Queens Park (Glasgow)"
"9822","Queens Park (Glasgow)"
"9823","Shawlands"
"9823","Shawlands"
"9825","Thorntonhall"
"9825","Thorntonhall"
"9836","Tees Valley Apt"
"9839","Robin Hood Airport"
"9842","Stepps"
"9842","Stepps"
"9842","Stepps"
"9845","Hyndland"
"9845","Hyndland"
"9846","Heathrow Terminal 5"
"9852","Lincoln Bus Station"
"9855","Clydebank"
"9855","Clydebank"
"9857","Hanley Bus Station"
"9858","Norton Brg Stndv"
"9859","Stone Grnvle Sq"
"9861","Alexandria"
"9861","Alexandria"
"9862","Balloch Central"
"9862","Balloch Central"
"9863","Barlastn Orch Dv"
"9864","Dalreoch"
"9864","Dalreoch"
"9865","Wedgwood Old Rd"
"9865","Wedgwood Old Rd"
"9865","Wedgwood Old Rd"
"9866","Dumbarton Central"
"9866","Dumbarton Central"
"9867","Renton"
"9867","Renton"
"9868","Dumbarton East"
"9868","Dumbarton East"
"9869","Heathrow Central Bus Station"
"9876","Larbert"
"9876","Larbert"
"9876","Larbert"
"9877","Carfin"
"9877","Carfin"
"9878","Camelon"
"9878","Camelon"
"9878","Camelon"
"9882","Coleshill Parkway"
"9883","Alloa"
"9883","Alloa"
"9888","Stirling"
"9888","Stirling"
"9888","Stirling"
"9889","Bridge of Allan"
"9889","Bridge of Allan"
"9889","Bridge of Allan"
"9894","Easterhouse"
"9894","Easterhouse"
"9895","Bellgrove"
"9895","Bellgrove"
"9897","Carntyne"
"9897","Carntyne"
"9898","Peterbro Bus Stn"
"9902","Crosskeys"
"9902","Crosskeys"
"9903","Shettleston"
"9903","Shettleston"
"9904","Garrowhill"
"9904","Garrowhill"
"9905","Alexandra Parade"
"9905","Alexandra Parade"
"9906","Duke Street"
"9906","Duke Street"
"9909","High Street (Glasgow)"
"9909","High Street (Glasgow)"
"9911","Charing Cross (Glasgow)"
"9911","Charing Cross (Glasgow)"
"9911","Charing Cross (Glasgow)"
"9914","Exhibition Centre (Glasgow)"
"9914","Exhibition Centre (Glasgow)"
"9915","Ebbw Vale Parkway"
"9915","Ebbw Vale Parkway"
"9916","Llanhilleth"
"9916","Llanhilleth"
"9917","Partick"
"9917","Partick"
"9917","Partick"
"9919","Newbridge"
"9919","Newbridge"
"9920","Risca Pontymistr"
"9920","Risca Pontymistr"
"9921","Rogerstone"
"9921","Rogerstone"
"9925","Llanharan"
"9925","Llanharan"
"9930","Falkirk Grahamston"
"9930","Falkirk Grahamston"
"9930","Falkirk Grahamston"
"9931","Falkirk High"
"9931","Falkirk High"
"9931","Falkirk High"
"9934","London Eurostar (CIV)"
"9936","Polmont"
"9936","Polmont"
"9936","Polmont"
"9938","Branchton"
"9938","Branchton"
"9940","Bishopbriggs"
"9940","Bishopbriggs"
"9940","Bishopbriggs"
"9943","Croy"
"9943","Croy"
"9943","Croy"
"9950","Glasgow Queen Street"
"9950","Glasgow Queen Street"
"9950","Glasgow Queen Street"
"9953","Ashfield"
"9953","Ashfield"
"9955","Lenzie"
"9955","Lenzie"
"9955","Lenzie"
"9956","Gilshochill"
"9956","Gilshochill"
"9957","Maryhill"
"9957","Maryhill"
"9958","Possilpark"
"9958","Possilpark"
"9959","Summerston"
"9959","Summerston"
"9960","Kilpatrick"
"9960","Kilpatrick"
"9961","Argyle Street"
"9961","Argyle Street"
"9962","Ardlui"
"9962","Ardlui"
"9963","Arrochar & Tarbet"
"9963","Arrochar & Tarbet"
"9965","Anderston"
"9965","Anderston"
"9966","Bearsden"
"9966","Bearsden"
"9967","Drumfrochar"
"9967","Drumfrochar"
"9968","Bowling"
"9968","Bowling"
"9969","Cardross"
"9969","Cardross"
"9970","Craigendoran"
"9970","Craigendoran"
"9971","Garelochhead"
"9971","Garelochhead"
"9972","Anniesland"
"9972","Anniesland"
"9973","Barnhill"
"9973","Barnhill"
"9979","Garscadden"
"9979","Garscadden"
"9981","Helensburgh Central"
"9981","Helensburgh Central"
"9982","Helensburgh Upper"
"9982","Helensburgh Upper"
"9982","Helensburgh Upper"
"9983","Hillfoot"
"9983","Hillfoot"
"9985","Milngavie"
"9985","Milngavie"
"9988","Singer"
"9988","Singer"
"9990","Yoker"
"9990","Yoker"
"9992","Dalmuir"
"9992","Dalmuir"
"9993","Drumry"
"9993","Drumry"
"9994","Drumchapel"
"9994","Drumchapel"
"9995","Jordanhill"
"9995","Jordanhill"
"9996","Scotstounhill"
"9996","Scotstounhill"
"9997","Springburn"
"9997","Springburn"
"9997","Springburn"
"9998","Westerton"
"9998","Westerton"
"G023","Salford Quays (Metrolink)"
"G068","Media City (Metrolink)"
"G069","Abraham Moss (Metrolink)"
"G070","Central Park (Metrolink)"
"G073","Firswood (Metrolink)"
"G074","St Werburgh's Road (Metrolink)"
"G077","Chorlton (Metrolink)"
"G080","Monsall (Metrolink)"
"G089","Newton Heath & Moston (Metrolink)"
"G200","Bury (Metrolink)"
"G201","Radcliffe (Metrolink)"
"G202","Whitefield (Metrolink)"
"G203","Besses o' th' Barn (Metrolink)"
"G204","Prestwich (Metrolink)"
"G205","Heaton Park (Metrolink)"
"G206","Bowker Vale (Metrolink)"
"G207","Crumpsall (Metrolink)"
"G208","Woodlands Road (Metrolink)"
"G209","Trafford Bar (Metrolink)"
"G210","Old Trafford (Metrolink)"
"G211","Stretford (Metrolink)"
"G212","Dane Road (Metrolink)"
"G213","Sale (Metrolink)"
"G214","Brooklands (Metrolink)"
"G217","Altrincham (Metrolink)"
"G401","Cornbrook (Metrolink)"
"G402","Pomona (Metrolink)"
"G403","Exchange Quay (Metrolink)"
"G404","Anchorage (Metrolink)"
"G405","Harbour City (Metrolink)"
"G406","Broadway (Metrolink)"
"G407","Langworthy (Metrolink)"
"G408","Weaste (Metrolink)"
"G409","Ladywell (Metrolink)"
"G410","Eccles (Metrolink)"
"H010","Dublin Ferryport (Irish Ferries)"
"H015","Cullompton Bus"
"H017","Glastonbury Bus"
"H018","Radstock Bus"
"H019","Avebury Bus"
"H020","Dunster Bus"
"H021","Holsworthy Bus"
"H073","Chipping Norton Bus"
"H073","Chipping Norton Bus"
"H127","Watchet Bus"
"H227","Douglas (Isle of Man)"
"H250","Ullapool"
"H301","Ryde Hoverport"
"H333","Craignure"
"H334","Skye (Armadale)"
"H335","Castlebay"
"H336","Lochboisdale"
"H337","Stornoway"
"H365","Corsham Bus"
"H367","Midsomer Norton Bus"
"H371","Street Bus"
"H372","Wells Bus"
"H403","Sidmouth Bus"
"H519","Abingdon (via Didcot) Bus"
"H520","Wantage Bus"
"H545","Helston Bus"
"H546","Perranporth Bus"
"H550","Fowey Bus"
"H552","Wadebridge Bus"
"H553","Padstow Bus"
"H554","Callington Bus"
"H555","Launceston Bus"
"H556","Tavistock Bus"
"H557","Dartmouth Bus"
"H558","Kingsbridge Bus"
"H559","Okehampton Bus"
"H560","Bude Bus"
"H563","Minehead Bus"
"H564","Devizes Bus"
"H568","Marlboro Swi Bus"
"H569","Lyneham Bus"
"H570","Wootton Bass Bus"
"H570","Wootton Bass Bus"
"H571","Calne Bus"
"H572","Tiverton Bus"
"H603","Glasgow Airport"
"H616","Hunstanton Bus"
"H642","Newcastle Airport"
"H711","Mevagissey Bus"
"H712","Bristol Airport Bus"
"H715","St Agnes Bus"
"H717","Cardiff Air Bus"
"H729","LOUGHBRO UNI BUS"
"I057","Worthing Unizone"
"I058","Brighton Unizone"
"I060","Fairford Air"
"I230","XC Origin"
"I231","XC Destination"
"I444","Any Southn Train"
"I756","Ec Exec C/Park"
"J263","Quainton Road"
"J264","Coles Bus Necbia"
"J407","BRODICK"
"J409","Dunoon"
"J411","Rothesay"
"J423","Galashiels (via Berwick)"
"J424","Melrose"
"J425","Earlston"
"J426","Duns"
"J472","Lyme Regis Bus31"
"J530","GOSPORT FERRY"
"J616","Southwold Bus"
"J684","Lpool Airprt Bus"
"J766","Uig Bus"
"J767","Portree Bus"
"J770","Blackwd Buslinc"
"J770","Blackwd Buslinc"
"K023","Yarmouth (Isle of Wight)"
"K026","Chinnor Bus"
"K175","Golflink 2010"
"K181","Cattrick Gar Bus"
"K182","Richmond Yks Bus"
"K183","Corby Pboro Bus"
"K184","Kettering Pb Bus"
"K185","Oundle Bus"
"K208","St Andrews Bus"
"K268","Daventry Bus"
"K276","Mold Bus"
"K277","Onley Bus"
"K279","Cowes West (Redjet)"
"K280","Cowes East (Red Funnel Ship)"
"K292","Eden Camp Bus"
"K293","Whitby Bus"
"K294","Pickering Bus"
"K295","Flamingoland Bus"
"K345","Faringdon Bus"
"K346","Cricklade Bus"
"K348","Eden Project"
"K348","Eden Project"
"K405","Draytonmanor Bus"
"K473","Cheltenham Races Bus"
"K563","Edinburgh Airport Bus"
"K567","Burnham Market Bus"
"K568","Wells Nxt Seabus"
"K650","Leeds Brd Airbus"
"K656","WIRKSWORTH"
"K657","IDRIDGEHAY"
"K663","Sandringham Bus"
"K681","Hampton Court Flowershow"
"K684","Leeds Fest Bus"
"K706","Dean Forest Rly"
"K729","Heaton Park Bus"
"K737","Rochdale Town Centre (Metrolink)"
"K738","RCHDLE STN MTLK"
"K739","NEWBOLD MTLK"
"K740","KINGSWAY BP MTLK"
"K741","MILNROW MTLK"
"K742","NEWHEY MTLK"
"K743","Shaw & Crompton (Metrolink)"
"K744","Derker (Metrolink)"
"K745","Oldham Mumps (Metrolink)"
"K746","Oldham Central (Metrolink)"
"K747","Oldham King Street (Metrolink)"
"K748","Westwood (Metrolink)"
"K749","Freehold (Metrolink)"
"K750","South Chadderton (Metrolink)"
"K751","Hollinwood (Metrolink)"
"K752","Failsworth (Metrolink)"
"K753","NEW ISLNGTN MTLK"
"K754","HOLT TOWN MTLK"
"K755","ETIHAD CAMP MTLK"
"K756","VELOPARK MTLK"
"K757","CLAYTON HAL MTLK"
"K758","EDGE LANE MTLK"
"K759","CEMETERY RD MTLK"
"K761","Audenshaw (Metrolink)"
"K762","Ashton Moss (Metrolink)"
"K763","Ashton West (Metrolink)"
"K764","Ashton-under-Lyne (Metrolink)"
"K765","WITHINGTON MTLK"
"K766","BURTON ROAD MTLK"
"K767","W DIDSBURY MTLK"
"K768","DIDSBURY V MTLK"
"K769","E DIDSBURY MTLK"
"K804","WYPTE ZNS1234&5"
"K804","WYPTE ZNS1234&5"
"K804","WYPTE ZNS1234&5"
"K821","Saffron Walden Bus"
"K837","East Midlands Designer Outlet"
"K865","Barlow Moor Road (Metrolink)"
"K866","Sale Water Park (Metrolink)"
"K867","Northern Moor (Metrolink)"
"K868","Wythenshawe Park (Metrolink)"
"K869","Moor Road (Metrolink)"
"K870","Baguley (Metrolink)"
"K871","Roundthorn (Metrolink)"
"K873","Martinscroft (Metrolink)"
"K874","Benchill (Metrolink)"
"K875","Crossacres (Metrolink)"
"K876","Wythenshawe Town Centre (Metrolink)"
"K877","Robinswood Road (Metrolink)"
"K878","Peel Hall (Metrolink)"
"K879","Shadowmoss (Metrolink)"
"K880","Manchester Airport (Metrolink)"
"L061","Wisbech (Coach)"
"L062","Kings Lynn Coach"
"L063","Swaffham (Coach)"
"L221","Caerau   (Bus)"
"L265","Corby Bus Link"
"M018","Dublin Port Stena"
"M019","Monasterevin (CIV))"
"M020","Antrim (N Ireland)"
"M021","Craughwell  (CIV)"
"M027","Ardrahan    (CIV)"
"M028","Gort        (CIV)"
"M029","Sixmilebrdge(CIV)"
"M030","Arklow      (CIV)"
"M031","Glounthaune (CIV)"
"M034","Midleton    (CIV)"
"M035","Foxford     (CIV)"
"M036","Castleconni (CIV)"
"M037","Enfield     (CIV)"
"M040","Athenry     (CIV)"
"M050","Athlone     (CIV)"
"M060","Athy        (CIV)"
"M070","Ballina     (CIV)"
"M080","Ballinasloe (CIV)"
"M100","Ballyhaunis (CIV)"
"M120","Ballymena (N Ireland)"
"M140","Ballymote   (CIV)"
"M220","Boyle       (CIV)"
"M230","Cahir       (CIV)"
"M250","Carlow      (CIV)"
"M280","Carrick-on-Shannon (CIV)"
"M290","Carrick-on-Suir (CIV)"
"M300","Castlebar   (CIV)"
"M310","Castlerea   (CIV)"
"M330","Claremorris (CIV)"
"M340","Clara       (CIV)"
"M350","Clonmel     (CIV)"
"M360","Cobh        (CIV)"
"M370","Coleraine (N Ireland)"
"M390","Cork City   (CIV)"
"M400","Cloughjordan (CIV)"
"M420","Collooney   (CIV)"
"M450","Newbridge (CIV))"
"M460","Dromod      (CIV)"
"M480","Drogheda    (CIV)"
"M493","Dublin Pearse (CIV)"
"M495","Dublin Heuston (CIV)"
"M499","Dublin Connolly (CIV)"
"M500","Dundalk (CIV)"
"M510","Dun Laoghaire  (CIV)"
"M569","Ennis       (CIV)"
"M570","Enniscorthy (CIV)"
"M580","Farranfore  (CIV)"
"M600","Galway      (CIV)"
"M630","Gorey       (CIV)"
"M640","Greystones  (CIV)"
"M700","Kilkenny    (CIV)"
"M720","Killarney   (CIV)"
"M780","Limerick    (CIV)"
"M790","Limerick Junction (CIV)"
"M800","Lisburn (N Ireland)"
"M810","Londonderry (N Ireland)"
"M820","Longford    (CIV)"
"M860","Mallow      (CIV)"
"M900","Mosney     (CIV)"
"M910","Edgewtown   (CIV)"
"M920","Mullingar   (CIV)"
"M930","Nenagh      (CIV)"
"M940","Portadown (N Ireland)"
"M950","Portlaoise  (CIV)"
"M960","Portrush (N Ireland)"
"M970","Charleville (CIV)"
"M980","Roscommon   (CIV)"
"M990","Roscrea     (CIV)"
"N010","Rosslare Harbour (CIV)"
"N020","Rosslare Strand (CIV)"
"N030","Sligo     (CIV)"
"N050","Thurles     (CIV)"
"N060","Tipperary   (CIV)"
"N070","Tralee      (CIV)"
"N080","Templemore  (CIV)"
"N090","Thomastown  (CIV)"
"N100","Tullamore   (CIV)"
"N120","Waterford   (CIV)"
"N130","Westport    (CIV)"
"N140","Wexford     (CIV)"
"N170","Wicklow   (CIV)"
"N180","Woodlawn    (CIV)"
"N230","Kildare   (CIV)"
"N250","Attymon     (CIV)"
"N270","Ballybrophy (CIV)"
"N290","Banteer     (CIV)"
"N310","Birdhill    (CIV)"
"N330","Bray        (CIV)"
"N540","Millstreet  (CIV)"
"N570","Muine Bheag (CIV)"
"N580","Newry (N Ireland)"
"N590","Portarlington (CIV)"
"N630","Rathdrum    (CIV)"
"N640","Rathmore (CIV)"